Сокращения населенных пунктов,Unnamed: 1,Unnamed: 2,Измененный н.п.,Unnamed: 4,Снегозапасы,Unnamed: 6,Unnamed: 7,Unnamed: 8,Unnamed: 9,Unnamed: 10,Unnamed: 11,Толщина льда,Unnamed: 13,Unnamed: 14,Unnamed: 15,Unnamed: 16,Unnamed: 17,Unnamed: 18,Unnamed: 19,Unnamed: 20,Реестр затопленных населенных пунктов,Unnamed: 22,Unnamed: 23,Unnamed: 24,Unnamed: 25,Unnamed: 26,Unnamed: 27,Unnamed: 28,Unnamed: 29,Unnamed: 30,Метеоданные,Unnamed: 32,Unnamed: 33,Unnamed: 34,Unnamed: 35,Unnamed: 36,ГМС,Unnamed: 38,Unnamed: 39,Unnamed: 40,Unnamed: 41,Unnamed: 42
1.0,г,город,"формула не работает, не РС(Я)",,Бассейн рек,Изменен,ОКТМО из ОКТМО,Из ОКТМО,Наслег из ОКТМО,,,Бассейн рек,Оригинал,ОКТМО из ОКТМО,Населенный пункт,Из ОКТМО,Наслег из ОКТМО,Примечания,,,Река,Оригинал,Изменен,ОКТМО из ОКТМО,Из ОКТМО,Наслег (для проверки),Район (для проверки),,,№,Индексы,Населенный пункт,Изменен,ОКТМО,,п/п,Река,ГМС,измененный н.п.,ОКТМО,Район (проверка),Наслег (проверка)
2.0,п,поселок,,1.0,Лена,Якутск,98701000001,Якутск,Городской округ Город Якутск,,1.0,Лена,Витим ,98627153051,Витим,Витим,поселок Витим,удален пробел,,1.0,Лена,Витим,Витим,98627153051,Витим,поселок Витим,Ленский муниципальный район,,,1,21824,Тикси,Тикси,98612151051,,1,Лена,Усть-Кут,Усть-Кут,25644101001,Усть-Кутский муниципальный район,Усть-Кутское
3.0,с,село,,2.0,Лена,Покровск,98644101001,Покровск,Хангаласский муниципальный район,,2.0,Лена,Пеледуй,98627157051,Пеледуй,Пеледуй,поселок Пеледуй,,,2.0,Лена,Ленск,Ленск,98627101001,Ленск,город Ленск,Ленский муниципальный район,,,2,21946,Чокурдах,Чокурдах,98606151051,,2,Лена,Змеиново,Змеиново,25620101141,Киренский муниципальный район,Киренское
4.0,мкр,микрорайон,,3.0,Лена,Намцы,98635425101,Намцы,Намский муниципальный район,,3.0,Лена,Ленск,98627101001,Ленск,Ленск,город Ленск,,,3.0,Лена,Кыллах,Кыллах,98641430101,Кыллах,Кыллахский наслег,Олекминский муниципальный район,,,3,24076,Депутатский,Депутатский,98656151051,,3,Лена,Визирный,Визирный,25620701912,Киренский муниципальный район,"Межселенные территории Киренского муниципального района, на территории которых расположены земли следующих населенных пунктов: с Улькан, с Красноярово, п Визирный"
5.0,пгт,поселок городского типа,,4.0,Лена,Олёкминск,98641101001,Олёкминск,Олекминский муниципальный район,,4.0,Лена,Нюя,98627430101,Нюя,Нюя,Нюйский наслег,,,4.0,Лена,Троицк,Троицк,98641470101,Троицк,Троицкий наслег,Олекминский муниципальный район,,,4,24125,Оленек,Оленек,98642437101,,4,Лена,Дарьино,Дарьина,25620419104,Киренский муниципальный район,Коршуновское
6.0,д,деревня,,5.0,Лена,Ленск,98627101001,Ленск,Ленский муниципальный район,,5.0,Лена,Мача,98641440101,Мача,Мача,Мачинский наслег,,,5.0,Лена,Солянка,Солянка,98641465101,Солянка,Солянский наслег,Олекминский муниципальный район,,,5,24343,Жиганск,Жиганск,98622410101,,5,Лена,Витим,Витим,98627153051,Ленский муниципальный район,поселок Витим
,,,,6.0,Лена,Витим,98627153051,Витим,Ленский муниципальный район,,6.0,Лена,Олекминск,98641101001,Олёкминск,Олёкминск,город Олекминск,,,6.0,Лена,Абага,Абага,98608405101,Абага,Абагинский наслег,Амгинский муниципальный район,,,6,24726,Мирный,Мирный,98631101001,,6,Лена,Пеледуй,Пеледуй,98627157051,Ленский муниципальный район,поселок Пеледуй
,,,,7.0,Лена,Сангар,98624151051,Сангар,Кобяйский муниципальный район,,7.0,Лена,Солянка,98641465101,Солянка,Солянка,Солянский наслег,,,7.0,Лена,Олёкминск,Олёкминск,98641101001,Олёкминск,город Олекминск,Олекминский муниципальный район,,,7,24641,Вилюйск,Вилюйск,98618101001,,7,Лена,Крестовский,Крестовский лесоучасток,98627157106,Ленский муниципальный район,поселок Пеледуй
,,,,8.0,Лена,Жиганск,98622410101,Жиганск,Жиганский национальный эвенкийский муниципальный район,,8.0,Лена,Саныяхтат,98641460101,Саныяхтах,Саныяхтах,Саныяхтахский наслег,,,8.0,Лена,Хоринцы,Хоринцы,98641485101,Хоринцы,Хоринский наслег,Олекминский муниципальный район,,,8,24266,Верхоянск,Верхоянск,98616103001,,8,Лена,с. Хамра,Хамра,98627449106,Ленский муниципальный район,Ярославский наслег
,,,,9.0,Алдан,Усть-Мая,98654151051,Усть-Мая,Усть-Майский муниципальный район,,9.0,Лена,Покровск,98644101001,Покровск,Покровск,город Покровск,,,9.0,Лена,Балаганнах,Балаганнах,98614402101,Балаганнах,Балаганнахский наслег,Верхневилюйский муниципальный район,,,9,24382,Усть-Мома,Хонуу,98633423101,,9,Лена,Ленск,Ленск,98627101001,Ленский муниципальный район,город Ленск
,,,,10.0,Алдан,Алдан,98603101001,Алдан,Алданский муниципальный район,,10.0,Лена,Табага,98701000116,Табага,Табага,город Якутск,,,10.0,Лена,Нерюктяйинск 1-й,Нерюктяйинск 1-й,98641445101,Нерюктяйинск 1-й,Нерюктяйинский 1-й наслег,Олекминский муниципальный район,,,10,24671,Томпо,Тополиное,98650435101,,10,Лена,с. Мурья,Мурья,98627436101,Ленский муниципальный район,Салдыкельский наслег
,,,,11.0,Амга,Амга,98608432101,Амга,Амгинский муниципальный район,,11.0,Лена,Якутск,98701000001,Якутск,Якутск,город Якутск,,,11.0,Лена,Бирюк,Бирюк,98641445106,Бирюк,Нерюктяйинский 1-й наслег,Олекминский муниципальный район,,,11,24688,Оймякон,Оймякон,98639405101,,11,Лена,с. Батамай,Батамай,98627436106,Ленский муниципальный район,Салдыкельский наслег
,,,,12.0,Яна,Батагай,98616151051,Батагай,Верхоянский муниципальный район,,12.0,Лена,Кангалассы,98701000001,Кангалассы,Якутск,город Якутск,,,12.0,Лена,Дельгей,Дельгей,98641415101,Дельгей,Дельгейский наслег,Олекминский муниципальный район,,,12,24738,Сунтар,Сунтар,98648455101,,12,Лена,Нюя,Нюя,98627430101,Ленский муниципальный район,Нюйский наслег
,,,,13.0,Яна,Верхоянск,98616103001,Верхоянск,Верхоянский муниципальный район,,13.0,Лена,Сангары,98624151051,Сангар,Сангар,поселок Сангар,,,13.0,Лена,Иннях,Иннях,98641415106,Иннях,Дельгейский наслег,Олекминский муниципальный район,,,13,24763,Крест-Хальджай,Крест-Хальджай,98650405101,,13,Лена,с. Турукта,Турукта,98627430106,Ленский муниципальный район,Нюйский наслег
,,,,14.0,Яна,Казачье,98656405101,Казачье,Усть-Янский муниципальный район,,14.0,Лена,Жиганск,98622410101,Жиганск,Жиганск,Жиганский эвенкийский национальный наслег,,,14.0,Лена,Кытыл-Дюра,Кытыл-Дюра,98644428101,Кытыл-Дюра,Мальжагарский 5-й наслег,Хангаласский муниципальный район,,,14,24923,Ленск,Ленск,98627101001,,14,Лена,Мача,Мача,98641440101,Олекминский муниципальный район,Мачинский наслег
,,,,15.0,Индигирка,Усть-Нера,98639151051,Усть-Нера,Оймяконский муниципальный район,,15.0,Лена,Кюсюр,98612412101,Кюсюр,Кюсюр,Булунский национальный (эвенкийский) наслег,,,15.0,Лена,Чкалов,Чкалов,98606424101,Чкалов,Береляхский наслег,Аллаиховский муниципальный район,,,15,24944,Олекминск,Олёкминск,98641101001,,15,Лена,с. Дельгей,Дельгей,98641415101,Олекминский муниципальный район,Дельгейский наслег
,,,,16.0,Индигирка,Оймякон,98639405101,Оймякон,Оймяконский муниципальный район,,16.0,Алдан,Томмот,98603105001,Томмот,Томмот,город Томмот,,,16.0,Лена,Исит,Исит,98644412101,Исит,Иситский наслег,Хангаласский муниципальный район,,,16,24951,Исить,Исит,98644412101,,16,Лена,с. Дабан,Дабан,98641410101,Олекминский муниципальный район,Дабанский наслег
,,,,17.0,Индигирка,Хонуу,98633423101,Хонуу,Момский муниципальный район,,17.0,Алдан,Усть- Миль,98654415101,Усть-Миль,Усть-Миль,село Усть-Миль,,,17.0,Лена,Тойон-Ары,Тойон-Ары,98644423106,Тойон-Ары,Мальжагарский 1-й наслег,Хангаласский муниципальный район,,,17,25400,Зырянка,Зырянка,98615151051,,17,Лена,с. 1-Нерюктяйинск,Нерюктяйинск 1-й,98641445101,Олекминский муниципальный район,Нерюктяйинский 1-й наслег
,,,,18.0,Индигирка,Белая Гора,98601151051,Белая Гора,Абыйский муниципальный район,,18.0,Алдан,Чаран,98654420101,Петропавловск,Петропавловск,Петропавловский национальный наслег,2 Чаранг - М-К и У-А - другие,,18.0,Лена,Покровск,Покровск,98644101001,Покровск,город Покровск,Хангаласский муниципальный район,,,18,24966,Усть-Мая,Усть-Мая,98654151051,,18,Лена,с. Кыллах,Кыллах,98641430101,Олекминский муниципальный район,Кыллахский наслег
,,,,19.0,Индигирка,Чокурдах,98606151051,Чокурдах,Аллаиховский муниципальный район,,19.0,Алдан,Эльдикан,98654164051,Эльдикан,Эльдикан,поселок Эльдикан,,,19.0,Лена,Ой,Ой,98644435101,Ой,Немюгюнский наслег,Хангаласский муниципальный район,,,19,24959,Якутск,Якутск,98701000001,,19,Лена,Олёкминск,Олёкминск,98641101001,Олекминский муниципальный район,город Олекминск
,,,,20.0,Колыма,Зырянка,98615151051,Зырянка,Верхнеколымский муниципальный район,,20.0,Алдан,Охотский перевоз,98650425101,Охотский-перевоз,Охотский-Перевоз,Охот-Перевозовский наслег,,,20.0,Лена,Хоточчу,Хоточчу,98644406106,Хоточчу,Жемконский 1-й наслег,Хангаласский муниципальный район,,,20,25206,Среднеколымск,Среднеколымск,98646101001,,20,Лена,Солянка,Солянка,98641465101,Олекминский муниципальный район,Солянский наслег
,,,,21.0,Колыма,Среднеколымск,98646101001,Среднеколымск,Среднеколымский муниципальный район,,21.0,Алдан,Крест-Хальджай,98650405101,Крест-Хальджай,Крест-Хальджай,Баягантайский наслег,,,21.0,Лена,Улах-Ан,Улах-Ан,98644409101,Улах-Ан,Жерский наслег,Хангаласский муниципальный район,,,21,30393,Чульман,Чульман,98660165051,,21,Лена,с. Хоринцы,Хоринцы,98641485101,Олекминский муниципальный район,Хоринский наслег
,,,,22.0,Колыма,Черский,98637151051,Черский,Нижнеколымский муниципальный район,,22.0,Алдан,Батамай,98624414106,Батамай,Батамай,Кировский эвенский национальный наслег,,,22.0,Лена,Октёмцы,Октёмцы,98644440101,Октёмцы,Октемский наслег,Хангаласский муниципальный район,,,,,,,,,22,Лена,Хатынг-Тумул,Хатынг-Тумул,98641480106,Олекминский муниципальный район,Урицкий наслег
,,,,23.0,Вилюй,Чернышевск,98631162051,Чернышевский,Мирнинский муниципальный район,,23.0,Амга,Амга,98608432101,Амга,Амга,Амгинский наслег,,,23.0,Лена,Техтюр,Техтюр,98644447101,Техтюр,Техтюрский наслег,Хангаласский муниципальный район,,,,,,,,,23,Лена,Саныяхтах,Саныяхтах,98641460101,Олекминский муниципальный район,Саныяхтахский наслег
,,,,,р.Вилюй,Чернышевский,98631162051,Чернышевский,Мирнинский муниципальный район,,24.0,Амга,Терють,98604440101,Харбалах,Харбалах,Средне-Амгинский наслег,Терютов тоже много,,24.0,Лена,Рассолода,Рассолода,98629447101,Рассолода,Рассолодинский наслег,Мегино-Кангаласский муниципальный район,,,,,,,,,24,Лена,с. Кытыл-Дюра,Кытыл-Дюра,98644428101,Хангаласский муниципальный район,Мальжагарский 5-й наслег
,,,,24.0,Вилюй,Сунтар,98648455101,Сунтар,Сунтарский муниципальный район,,25.0,Вилюй,Сунтар,98648455101,Сунтар,Сунтар,Сунтарский наслег,,,25.0,Лена,Хаптагай,Хаптагай,98629460101,Хаптагай,Хаптагайский наслег,Мегино-Кангаласский муниципальный район,,,,,,,,,25,Лена,с. Едей,Едей,98644427101,Хангаласский муниципальный район,Мальжагарский 4-й наслег
,,,,25.0,Вилюй,Нюрба,98626101001,Нюрба,Нюрбинский муниципальный район,,26.0,Вилюй,Нюрба,98626101001,Нюрба,Нюрба,город Нюрба,,,26.0,Лена,Павловск,Павловск,98629445101,Павловск,Нерюктяйинский наслег,Мегино-Кангаласский муниципальный район,,,,,,,,,26,Лена,с. Синск,Синск,98644445101,Хангаласский муниципальный район,Синский наслег
,,,,26.0,Вилюй,В.Вилюйск,98614412101,Верхневилюйск,Верхневилюйский муниципальный район,,27.0,Вилюй,Верхневилюйск,98614412101,Верхневилюйск,Верхневилюйск,Верхневилюйский наслег,,,27.0,Лена,Нижний Бестях,Нижний Бестях,98629155051,Нижний Бестях,поселок Нижний Бестях,Мегино-Кангаласский муниципальный район,,,,,,,,,27,Лена,с. Чкалов,Чкалов,98644450111,Хангаласский муниципальный район,Тит-Арынский наслег
,,,,,р.Вилюй,Верхневилюйск,98614412101,Верхневилюйск,Верхневилюйский муниципальный район,,28.0,Вилюй,Вилюйск,98618101001,Вилюйск,Вилюйск,город Вилюйск,,,28.0,Лена,Техтюр,Техтюр,98644447101,Техтюр,Техтюрский наслег,Хангаласский муниципальный район,,,,,,,,,28,Лена,с. Тойон-Ары,Тойон-Ары,98644423106,Хангаласский муниципальный район,Мальжагарский 1-й наслег
,,,,27.0,Вилюй,Вилюйск,98618101001,Вилюйск,Вилюйский муниципальный район,,29.0,Вилюй,Хатырык Хомо,98624405111,Хатырык-Хомо,Хатырык-Хомо,Арыктахский наслег,,,29.0,Лена,Кердюген,Кердюген,98629413106,Кердюген,Дойдунский наслег,Мегино-Кангаласский муниципальный район,,,,,,,,,29,Лена,с. Кысыл-Юрюя,Кысыл-Юрюйя,98644418106,Хангаласский муниципальный район,Качикатский наслег
,,,,28.0,Лена,Якутск,98701000001,Якутск,Городской округ Город Якутск,,30.0,Яна,Вехоянск,98616103001,Верхоянск,Верхоянск,город Верхоянск,,,30.0,Лена,Якутск,Якутск,98701000001,Якутск,город Якутск,Городской округ Город Якутск,,,,,,,,,30,Лена,Покровск,Покровск,98644101001,Хангаласский муниципальный район,город Покровск
,,,,29.0,Лена,Покровск,98644101001,Покровск,Хангаласский муниципальный район,,31.0,Адыча,Усть-Чаркы,98616151111,Усть-Чаркы,Усть-Чаркы,поселок Батагай,,,31.0,Лена,Жатай,Жатай,98702000051,Жатай,Жатай,Городской округ поселок Жатай,,,,,,,,,31,Лена,с. Хоточчу,Хоточчу,98644406106,Хангаласский муниципальный район,Жемконский 1-й наслег
,,,,30.0,Лена,Намцы,98635425101,Намцы,Намский муниципальный район,,32.0,Индигирка,Усть-Нера,98639151051,Усть-Нера,Усть-Нера,поселок Усть-Нера,,,32.0,Лена,Хатас,Хатас,98635466101,Хатас,Хомустахский 2-й наслег,Намский муниципальный район,,,,,,,,,32,Лена,с. Октемцы,Октёмцы,98644440101,Хангаласский муниципальный район,Октемский наслег
,,,,31.0,Лена,Олёкминск,98641101001,Олёкминск,Олекминский муниципальный район,,33.0,Индигирка,Чокурдах,98606151051,Чокурдах,Чокурдах,поселок Чокурдах,,,33.0,Лена,Табага,Табага,98701000116,Табага,город Якутск,Городской округ Город Якутск,,,,,,,,,33,Лена,с. Рассолода,Рассолода,98629447101,Мегино-Кангаласский муниципальный район,Рассолодинский наслег
,,,,32.0,Лена,Олекминск,98641101001,Олёкминск,Олекминский муниципальный район,,34.0,Колыма,Зырянка,98615151051,Зырянка,Зырянка,поселок Зырянка,,,34.0,Лена,Тулагино,Тулагино,98701000121,Тулагино,город Якутск,Городской округ Город Якутск,,,,,,,,,34,Лена,Табага,Табага,98701000116,Городской округ Город Якутск,город Якутск
,,,,33.0,Лена,Ленск,98627101001,Ленск,Ленский муниципальный район,,35.0,Колыма,Среднеколымск,98646101001,Среднеколымск,Среднеколымск,город Среднеколымск,,,35.0,Лена,Сырдах,Сырдах,98701000136,Сырдах,город Якутск,Городской округ Город Якутск,,,,,,,,,35,Лена,с. Хаптагай,Хаптагай,98629460101,Мегино-Кангаласский муниципальный район,Хаптагайский наслег
,,,,34.0,Лена,Витим,98627153051,Витим,Ленский муниципальный район,,,,,,,,,,,36.0,Лена,Капитоновка,Капитоновка,98701000126,Капитоновка,город Якутск,Городской округ Город Якутск,,,,,,,,,36,Лена,с. Хатассы,Хатассы,98701000141,Городской округ Город Якутск,город Якутск
,,,,35.0,Лена,Сангар,98624151051,Сангар,Кобяйский муниципальный район,,,Дополнительно,,,,,,,,37.0,Лена,Кангалассы,Кангалассы,98701000001,Кангалассы,город Якутск,Городской округ Город Якутск,,,,,,,,,37,Лена,с. Павловск,Павловск,98629445101,Мегино-Кангаласский муниципальный район,Нерюктяйинский наслег
,,,,36.0,Лена,Жиганск,98622410101,Жиганск,Жиганский национальный эвенкийский муниципальный район,,36.0,Лена,Крестовский,98627157106,Крестовский лесоучасток,Крестовский лесоучасток,поселок Пеледуй,,,38.0,Лена,Сыгыннах,Сыгыннах,98635405101,Сыгыннах,Арбынский наслег,Намский муниципальный район,,,,,,,,,38,Лена,п. Нижний Бестях,Нижний Бестях,98629155051,Мегино-Кангаласский муниципальный район,поселок Нижний Бестях
,,,,37.0,Алдан,Усть-Мая,98654151051,Усть-Мая,Усть-Майский муниципальный район,,37.0,Алдан,Кыллайы,98652475101,Кылайы,Кылайы,Тюляхский наслег,,,39.0,Лена,Ымыяхтах,Ымыяхтах,98635415101,Ымыяхтах,Едейский наслег,Намский муниципальный район,,,,,,,,,39,Лена,с. Пригородный,Пригородный,98701000151,Городской округ Город Якутск,город Якутск
,,,,38.0,Алдан,Алдан,98603101001,Алдан,Алданский муниципальный район,,38.0,Индигирка,Белая Гора,98601151051,Белая Гора,Белая Гора,поселок Белая Гора,,,40.0,Лена,Графский Берег,Графский Берег,98635455106,Графский Берег,Хатын-Арынский наслег,Намский муниципальный район,,,,,,,,,40,Лена,Якутск,Якутск,98701000001,Городской округ Город Якутск,город Якутск
,,,,39.0,Амга,Амга,98608432101,Амга,Амгинский муниципальный район,,,,,,,,,,,41.0,Лена,Хатас,Хатас,98635466101,Хатас,Хомустахский 2-й наслег,Намский муниципальный район,,,,,,,,,41,Лена,с. Техтюр,Техтюр,98644447101,Хангаласский муниципальный район,Техтюрский наслег
,,,,40.0,Яна,Батагай,98616151051,Батагай,Верхоянский муниципальный район,,,,,,,,,,,42.0,Лена,Партизан,Партизан,98635435101,Партизан,Партизанский наслег,Намский муниципальный район,,,,,,,,,42,Лена,пгт. Жатай,Жатай,98702000051,Городской округ поселок Жатай,Жатай
,,,,41.0,Яна,Верхоянск,98616103001,Верхоянск,Верхоянский муниципальный район,,,,,,,,,,,43.0,Лена,Никольский,Никольский,98635432101,Никольский,Никольский наслег,Намский муниципальный район,,,,,,,,,43,Лена,с. Тулагино,Тулагино,98701000121,Городской округ Город Якутск,город Якутск
,,,,42.0,Яна,Казачье,98656405101,Казачье,Усть-Янский муниципальный район,,,,,,,,,,,44.0,Лена,Крест-Кытыл (Хамагатта),Крест-Кытыл,98635450101,Крест-Кытыл,Хамагаттинский наслег,Намский муниципальный район,,,,,,,,,44,Лена,Кангалассы,Кангалассы,98701000001,Городской округ Город Якутск,город Якутск
,,,,43.0,Яна,Нижнеянск,98656159051,Нижнеянск,Усть-Янский муниципальный район,,,,,,,,,,,45.0,Лена,Намцы,Намцы,98635425101,Намцы,Ленский наслег,Намский муниципальный район,,,,,,,,,45,Лена,с. Хапчагай,Хапчагай,98629413101,Мегино-Кангаласский муниципальный район,Дойдунский наслег
,,,,44.0,Индигирка,Усть-Нера,98639151051,Усть-Нера,Оймяконский муниципальный район,,,,,,,,,,,46.0,Лена,Аппаны (Хатын-Ары),Аппаны,98635455101,Аппаны,Хатын-Арынский наслег,Намский муниципальный район,,,,,,,,,46,Лена,с. Огородтах,Огородтах,98652470101,Усть-Алданский муниципальный район,Суоттунский наслег
,,,,45.0,Индигирка,Оймякон,98639405101,Оймякон,Оймяконский муниципальный район,,,,,,,,,,,47.0,Лена,Кысыл-Деревня (Красная Деревня),Кысыл-Деревня,98635455111,Кысыл-Деревня,Хатын-Арынский наслег,Намский муниципальный район,,,,,,,,,47,Лена,с. Хоногор,Хоногор,98652470111,Усть-Алданский муниципальный район,Суоттунский наслег
,,,,46.0,Индигирка,Хонуу,98633423101,Хонуу,Момский муниципальный район,,,,,,,,,,,48.0,Лена,Бютяй-Юрдя (Бетюн),Бютяй-Юрдя,98635410101,Бютяй-Юрдя,Бетюнский наслег,Намский муниципальный район,,,,,,,,,48,Лена,с. Ары-Тит,Ары-Тит,98652415106,Усть-Алданский муниципальный район,Борогонский наслег
,,,,47.0,Индигирка,Белая Гора,98601151051,Белая Гора,Абыйский муниципальный район,,,,,,,,,,,49.0,Лена,Тумул (Модут),Тумул,98635430101,Тумул,Модутский наслег,Намский муниципальный район,Модут Намский,,,,,,,,49,Лена,с. Ымыяхтаах,Ымыяхтах,98635415101,Намский муниципальный район,Едейский наслег
,,,,48.0,Индигирка,Чокурдах,98606151051,Чокурдах,Аллаиховский муниципальный район,,,,,,,,,,,50.0,Лена,Столбы (Хатырык),Столбы,98635460101,Столбы,Хатырыкский наслег,Намский муниципальный район,Хатырык Намский,,,,,,,,50,Лена,с.Кысыл-Сыр,Кысыл-Сыр,98635465101,Намский муниципальный район,Хомустахский 1-й наслег
,,,,49.0,Колыма,Зырянка,98615151051,Зырянка,Верхнеколымский муниципальный район,,,,,,,,,,,51.0,Лена,Маймага,Маймага,98635470101,Маймага,Маймагинский наслег,Намский муниципальный район,,,,,,,,,51,Лена,с. Партизан,Партизан,98635435101,Намский муниципальный район,Партизанский наслег
,,,,50.0,Колыма,Среднеколымск,98646101001,Среднеколымск,Среднеколымский муниципальный район,,,,,,,,,,,52.0,Лена,Харыялах (Кебекен),Харыялах,98614429101,Харыялах,Кэнтикский наслег,Верхневилюйский муниципальный район,,,,,,,,,52,Лена,с. Никольский,Никольский,98635432101,Намский муниципальный район,Никольский наслег
,,,,51.0,Колыма,Черский,98637151051,Черский,Нижнеколымский муниципальный район,,,,,,,,,,,53.0,Лена,Фрунзе,Фрунзе,98635447101,Фрунзе,Фрунзенский наслег,Намский муниципальный район,,,,,,,,,53,Лена,с. Крест-Кытыл,Крест-Кытыл,98635450101,Намский муниципальный район,Хамагаттинский наслег
,,,,,,,,,,,,,,,,,,,,54.0,Лена,Огородтах (Соттинцы) уч. Хоногор,Огородтах,98652470101,Огородтах,Суоттунский наслег,Усть-Алданский муниципальный район,,,,,,,,,54,Лена,с. Хатас,Хатас,98635466101,Намский муниципальный район,Хомустахский 2-й наслег
,,,,,Дополнительные,,,,,,,,,,,,,,,55.0,Лена,Ары-Тит,Ары-Тит,98652415106,Ары-Тит,Борогонский наслег,Усть-Алданский муниципальный район,,,,,,,,,55,Лена,с. Намцы,Намцы,98635425101,Намский муниципальный район,Ленский наслег
,,,,,р.Лена,Нюя,98627430101,Нюя,Ленский муниципальный район,,,,,,,,,,,56.0,Лена,Кальвица,Кальвица,98624424106,Кальвица,Куокуйский наслег,Кобяйский муниципальный район,,,,,,,,,56,Лена,Намцы,Намцы,98635425101,Намский муниципальный район,Ленский наслег
,,,,,р.Лена,Мача,98641440101,Мача,Олекминский муниципальный район,,,,,,,,,,,57.0,Лена,Сангар,Сангар,98624151051,Сангар,поселок Сангар,Кобяйский муниципальный район,,,,,,,,,57,Лена,с. Аппаны,Аппаны,98635455101,Намский муниципальный район,Хатын-Арынский наслег
,,,,,р.Лена,Тяня,98641475101,Тяня,Олекминский муниципальный район,,,,,,,,,,,58.0,Лена,Аргас (Куокуй),Аргас,98624424101,Аргас,Куокуйский наслег,Кобяйский муниципальный район,,,,,,,,,58,Лена,с. Кысыл-Деревня,Кысыл-Деревня,98635455111,Намский муниципальный район,Хатын-Арынский наслег
,,,,,р.Лена,Джикимда,98620440101,Дикимдя,Горный муниципальный район,,,,,,,,,,,59.0,Лена,Ситте,Ситте,98624450101,Ситте,Ситтинский наслег,Кобяйский муниципальный район,,,,,,,,,59,Лена,с. Бютяй-Юрдя,Бютяй-Юрдя,98635410101,Намский муниципальный район,Бетюнский наслег
,,,,,р.Лена,Саныяхтат,98641460101,Саныяхтах,Олекминский муниципальный район,,,,,,,,,,,60.0,Алдан,Чагда,Чагда,98603460101,Чагда,Чагдинский наслег,Алданский муниципальный район,,,,,,,,,60,Лена,с. Тумул,Тумул,98629411101,Мегино-Кангаласский муниципальный район,Доллунский наслег
,,,,,р.Лена,Исить,98644412101,Исит,Хангаласский муниципальный район,,,,,,,,,,,61.0,Алдан,Кутана,Кутана,98603404101,Кутана,Национальный наслег Анамы,Алданский муниципальный район,,,,,,,,,61,Лена,с.Столбы (Хатырык),Столбы,98616445101,Верхоянский муниципальный район,Столбинский наслег
,,,,,р.Лена,Тонгулах,98620433106,Тонгулах,Горный муниципальный район,,,,,,,,,,,62.0,Алдан,Угоян,Угоян,98603407106,Угоян,Беллетский эвенкийский национальный наслег,Алданский муниципальный район,,,,,,,,,62,Лена,с.Маймага,Маймага,98635470101,Намский муниципальный район,Маймагинский наслег
,,,,,р.Лена,Бердигестях,98620410101,Бердигестях,Горный муниципальный район,,,,,,,,,,,63.0,Алдан,Эльдикан,Эльдикан,98654164051,Эльдикан,поселок Эльдикан,Усть-Майский муниципальный район,,,,,,,,,63,Лена,с.Фрунзе,Фрунзе,98635447101,Намский муниципальный район,Фрунзенский наслег
,,,,,р.Лена,Сангары,98624151051,Сангар,Кобяйский муниципальный район,,,,,,,,,,,64.0,Алдан,Эжанцы,Эжанцы,98654425101,Эжанцы,Эжанский национальный наслег,Усть-Майский муниципальный район,,,,,,,,,64,Лена,с.Харыялах,Харыялах,98614429101,Верхневилюйский муниципальный район,Кэнтикский наслег
,,,,,р.Лена,Кюсюр,98612412101,Кюсюр,Булунский муниципальный район,,,,,,,,,,,65.0,Алдан,Кюпцы,Кюпцы,98654410101,Кюпцы,Кюпский эвенкийский национальный наслег,Усть-Майский муниципальный район,,,,,,,,,65,Лена,с.Булус,Булус,98635445101,Намский муниципальный район,Тюбинский наслег
,,,,,р.Амга,Буяга,98603105111,Верхняя Амга,Алданский муниципальный район,,,,,,,,,,,66.0,Алдан,Белькачи,Белькачи,98654405101,Белькачи,село Белькачи,Усть-Майский муниципальный район,,,,,,,,,66,Лена,с. Сыгыннах,Сыгыннах,98635405101,Намский муниципальный район,Арбынский наслег
,,,,,р.Амга,Тегюльтя,98608429111,Тегюльтя,Амгинский муниципальный район,,,,,,,,,,,67.0,Алдан,Охотский-Перевоз,Охотский-Перевоз,98650425101,Охотский-Перевоз,Охот-Перевозовский наслег,Томпонский муниципальный район,,,,,,,,,67,Лена,с. Ситте,Ситте,98624450101,Кобяйский муниципальный район,Ситтинский наслег
,,,,,р.Алдан,Чульман,98660165051,Чульман,Нерюнгринский муниципальный район,,,,,,,,,,,68.0,Алдан,Мегино-Алдан,Мегино-Алдан,98650415101,Мегино-Алдан,Мегино-Алданский наслег,Томпонский муниципальный район,,,,,,,,,68,Лена,Сангары,Сангар,98624151051,Кобяйский муниципальный район,поселок Сангар
,,,,,р.Алдан,Суон-Тит,98633423106,Суон-Тит,Момский муниципальный район,,,,,,,,,,,69.0,Алдан,Кескил,Кескил,98650430101,Кескил,Сасыльский наслег,Томпонский муниципальный район,,,,,,,,,69,Лунгха,с. Аргас,Аргас,98624424101,Кобяйский муниципальный район,Куокуйский наслег
,,,,,р.Алдан,Томмот,98603105001,Томмот,Алданский муниципальный район,,,,,,,,,,,70.0,Алдан,Джебарики-Хая,Джебарики-Хая,98650152051,Джебарики-Хая,поселок Джебарики-Хая,Томпонский муниципальный район,,,,,,,,,70,Лена,Жиганск,Жиганск,98622410101,Жиганский национальный эвенкийский муниципальный район,Жиганский эвенкийский национальный наслег
,,,,,р.Алдан,Токо,98641420101,Токко,Олекминский муниципальный район,,,,,,,,,,,71.0,Алдан,Хандыга,Хандыга,98650151051,Хандыга,поселок Хандыга,Томпонский муниципальный район,,,,,,,,,71,Лена,Джарджан,Джарджан,98622410101,Жиганский национальный эвенкийский муниципальный район,Жиганский эвенкийский национальный наслег
,,,,,р.Алдан,Усть-Миль,98654415101,Усть-Миль,Усть-Майский муниципальный район,,,,,,,,,,,72.0,Алдан,Хара-Алдан,Хара-Алдан,98604465101,Хара-Алдан,Хара-Алданский наслег,Таттинский муниципальный район,,,,,,,,,72,Лена,Кюсюр,Кюсюр,98612412101,Булунский муниципальный район,Булунский национальный (эвенкийский) наслег
,,,,,р.Алдан,Усть-Юдома,98654151106,Усть-Юдома,Усть-Майский муниципальный район,,,,,,,,,,,73.0,Алдан,Дыгдал,Дыгдал,98652465101,Дыгдал,Оспехский наслег,Усть-Алданский муниципальный район,,,,,,,,,73,Лена,Хабарова,Хабарова,98612412101,Булунский муниципальный район,Булунский национальный (эвенкийский) наслег
,,,,,р.Алдан,Югоренок,98654166051,Югоренок,Усть-Майский муниципальный район,,,,,,,,,,,74.0,Алдан,Чериктей,Чериктей,98652485101,Чериктей,Чериктейский наслег,Усть-Алданский муниципальный район,,,,,,,,,74,Пеледуй,Иннялы,Иннялы,98627440111,Ленский муниципальный район,Толонский наслег
,,,,,р.Алдан,Охотский Перевоз,98650425101,Охотский-Перевоз,Томпонский муниципальный район,,,,,,,,,,,75.0,Алдан,Кылайы,Кылайы,98652475101,Кылайы,Тюляхский наслег,Усть-Алданский муниципальный район,,,,,,,,,75,Нюя,Комака,Комака,98627433101,Ленский муниципальный район,Орто-Нахаринский наслег
,,,,,р.Алдан,Теплый Ключ,98650433101,Теплый Ключ,Томпонский муниципальный район,,,,,,,,,,,76.0,Алдан,Батамай,Батамай,98624414106,Батамай,Кировский эвенский национальный наслег,Кобяйский муниципальный район,,,,,,,,,76,Нюя,с. Орто-Нахара,Орто-Нахара,98627433101,Ленский муниципальный район,Орто-Нахаринский наслег
,,,,,р.Алдан,Крест-Хальджай,98650405101,Крест-Хальджай,Томпонский муниципальный район,,,,,,,,,,,77.0,Колыма,Зырянка,Зырянка,98615151051,Зырянка,поселок Зырянка,Верхнеколымский муниципальный район,,,,,,,,,77,Нюя,Курум,Курум,98627405101,Ленский муниципальный район,Беченчинский наслег
,,,,,р.Алдан,Чурапча,98658470101,Чурапча,Чурапчинский муниципальный район,,,,,,,,,,,78.0,Колыма,Верхнеколымск,Верхнеколымск,98615409101,Верхнеколымск,Верхнеколымский наслег,Верхнеколымский муниципальный район,,,,,,,,,78,Б.Патома,Патома,Патома,25602402106,Бодайбинский муниципальный район,Жуинское
,,,,,р.Алдан,Батамай,98624414106,Батамай,Кобяйский муниципальный район,,,,,,,,,,,79.0,Колыма,Среднеколымск,Среднеколымск,98646101001,Среднеколымск,город Среднеколымск,Среднеколымский муниципальный район,,,,,,,,,79,Витим,Романовка,Романовка,81606442101,Баунтовский эвенкийский муниципальный район,Витимское
,,,,,р.Алдан,Сегян-Кюель,98624414101,Сегян-Кюёль,Кобяйский муниципальный район,,,,,,,,,,,80.0,Колыма,Налимск,Налимск,98646410101,Налимск,Байдинский наслег,Среднеколымский муниципальный район,,,,,,,,,80,Витим,Калакан,Калакан,76515000116,Каларский муниципальный округ,0
,,,,,р.Индигирка,Усть-Мома,98633423101,Хонуу,Момский муниципальный район,,,,,,,,,,,81.0,Колыма,Колымское,Колымское,98637437101,Колымское,Чукотский национальный Халарчинский наслег,Нижнеколымский муниципальный район,,,,,,,,,81,Витим,Неляты,Неляты,76515000116,Каларский муниципальный округ,0
,,,,,р.Индигирка,Депутатский,98656151051,Депутатский,Усть-Янский муниципальный район,,,,,,,,,,,82.0,Колыма,Походск,Походск,98637424101,Походск,Походский наслег,Нижнеколымский муниципальный район,,,,,,,,,82,Витим,Бодайбо,Бодайбо,25602101001,Бодайбинский муниципальный район,Бодайбинское
,,,,,р.Индигирка,Делянкир,98639153106,Делянкир,Оймяконский муниципальный район,,,,,,,,,,,83.0,Амга,Абага,Абага,98608405101,Абага,Абагинский наслег,Амгинский муниципальный район,,,,,,,,,83,Олёкма,Ср.Олёкма,Средняя Олёкма,76642701907,Тунгиро-Олёкминский муниципальный район,"Межселенная территория Тунгиро-Олёкминского муниципального района, находящаяся вне границ сельских поселений, с расположенными на этой территории с Моклакан, с Средняя Олёкма, с Гуля"
,,,,,р.Индигирка,Агаякан,98639410106,Агаякан,Оймяконский муниципальный район,,,,,,,,,,,84.0,Амга,Амга,Амга,98608432101,Амга,Амгинский наслег,Амгинский муниципальный район,,,,,,,,,84,Олёкма,Джекемда,Джекемда,98641425101,Олекминский муниципальный район,Киндигирский национальный наслег
,,,,,р.Яна,Батагай-Алыта,98659420101,Батагай-Алыта,Эвено-Бытантайский национальный муниципальный район,,,,,,,,,,,85.0,Амга,Мяндиги,Мяндиги,98608455101,Мяндиги,Мяндигинский наслег,Амгинский муниципальный район,,,,,,,,,85,Олёкма,Куду-Кюель,Куду-Кюёль,98641425101,Олекминский муниципальный район,Киндигирский национальный наслег
,,,,,р.Яна,Усть-Чаркы,98616151111,Усть-Чаркы,Верхоянский муниципальный район,,,,,,,,,,,86.0,Амга,Чапчылган,Чапчылган,98608472101,Чапчылган,Чапчылганский наслег,Амгинский муниципальный район,,,,,,,,,86,Олёкма,с. Троицк,Троицк,98641470101,Олекминский муниципальный район,Троицкий наслег
,,,,,р.Оленек,Таймылыр,98612445101,Таймылыр,Булунский муниципальный район,,,,,,,,,,,87.0,Амга,Оннёс,Оннёс,98608429101,Оннёс,Амгино-Нахаринский наслег,Амгинский муниципальный район,,,,,,,,,87,Чара,Чара,Чара,98641490101,Олекминский муниципальный район,Чаринский национальный наслег
,,,,,р.Оленек,Оленек,98642437101,Оленек,Оленекский эвенкийский национальный муниципальный район,,,,,,,,,,,88.0,Амга,Чымнайи,Чымнайи,98604460101,Чымнайи,Усть-Амгинский наслег,Таттинский муниципальный район,,,,,,,,,88,Чара,с. Бясь-Кюель,Бясь-Кюель,98641490101,Олекминский муниципальный район,Чаринский национальный наслег
,,,,,р.Анабар,Саскылах,98610411101,Саскылах,Анабарский национальный (долгано-эвенкийский) муниципальный район,,,,,,,,,,,89.0,Амга,Дая-Амгата,Дайа-Амгата,98604418101,Дайа-Амгата,Дайа-Амгинский наслег,Таттинский муниципальный район,,,,,,,,,89,Чара,Токко,Токко,98641420101,Олекминский муниципальный район,Жарханский национальный наслег
,,,,,р.Вилюй,Эйк,98642450101,Эйик,Оленекский эвенкийский национальный муниципальный район,,,,,,,,,,,90.0,Амга,Харбалах,Харбалах,98604440101,Харбалах,Средне-Амгинский наслег,Таттинский муниципальный район,,,,,,,,,90,Тээнэ,Тяня,Тяня,98641475101,Олекминский муниципальный район,Тянский национальный наслег
,,,,,р.Вилюй,Хатырык-Хомо,98624405111,Хатырык-Хомо,Кобяйский муниципальный район,,,,,,,,,,,91.0,Амга,Мырыла,Мырыла,98658435101,Мырыла,Соловьевский наслег,Чурапчинский муниципальный район,,,,,,,,,91,Бролог,Бролог,Бролог,98644423101,Хангаласский муниципальный район,Мальжагарский 1-й наслег
,,,,,р.Вилюй,Айхал,98631152051,Айхал,Мирнинский муниципальный район,,,,,,,,,,,92.0,Амга,Мындагай,Мындагай,98658415101,Мындагай,Болугурский наслег,Чурапчинский муниципальный район,,,,,,,,,92,Шестаковка,Камырдагыстах,Якутск,98701000001,Городской округ Город Якутск,город Якутск
,,,,,р.Вилюй,Крестях,98648430101,Крестях,Сунтарский муниципальный район,,,,,,,,,,,93.0,Вилюйск,Вилюйск,Вилюйск,98618101001,Вилюйск,город Вилюйск,Вилюйский муниципальный район,,,,,,,,,93,Чакыя,с. Магарас,Магарас,98620449101,Горный муниципальный район,Одунунский наслег
,,,,,р.Алдан,Югаренок,98654166051,Югоренок,Усть-Майский муниципальный район,,,,,,,,,,,94.0,Вилюйск,Нюрба,Нюрба,98626101001,Нюрба,город Нюрба,Нюрбинский муниципальный район,,,,,,,,,94,Матта,с. Бердигестях,Бердигестях,98620410101,Горный муниципальный район,Бердигестяхский наслег
,,,,,,,,,,,,,,,,,,,,95.0,Вилюйск,Жархан (р.Марха),Жархан,98626415101,Жархан,Жарханский наслег,Нюрбинский муниципальный район,В Сунтарском тоже есть,,,,,,,,95,Дюктюэне,с. Бясь-Кюель,Бясь-Кюель,98641490101,Олекминский муниципальный район,Чаринский национальный наслег
,,,,,,,,,,,,,,,,,,,,96.0,Яна,Усть-Янск,Усть-Янск,98656425101,Усть-Янск,Усть-Янский национальный наслег,Усть-Янский муниципальный район,,,,,,,,,96,Хар-Балаган,с. Ерт,Ерт,98620465101,Горный муниципальный район,Шологонский наслег
,,,,,Без населенных пунктов,,,,,,,,,,,,,,,97.0,Яна,Батагай,Батагай,98616151051,Батагай,поселок Батагай,Верхоянский муниципальный район,,,,,,,,,97,Суола,с. Алтанцы,Алтанцы,98608414101,Амгинский муниципальный район,Алтанский наслег
,,,,,р.Лена,Бестяхская з/ф,98622405101,Бестях,Жиганский национальный эвенкийский муниципальный район,,,,,,,,,,,98.0,Яна,Казачье,Казачье,98656405101,Казачье,Казачинский национальный наслег,Усть-Янский муниципальный район,,,,,,,,,98,Суола,с. Сатагай,Сатагай,98608458101,Амгинский муниципальный район,Сатагайский наслег
,,,,,р.Лена,Джарджан,98622410101,Жиганск,Жиганский национальный эвенкийский муниципальный район,,,,,,,,,,,99.0,Яна,Кресты,Кресты,,,,,,,,,,,,,99,Суола,с. Суола,Суола,98629429101,Мегино-Кангаласский муниципальный район,Мельжехсинский наслег
,,,,,р.Лена,Комака,98627433101,Орто-Нахара,Ленский муниципальный район,,,,,,,,,,,100.0,Анабар,Саскылах,Саскылах,98610411101,Саскылах,Саскылахский национальный (эвенкийский) наслег,Анабарский национальный (долгано-эвенкийский) муниципальный район,,,,,,,,,100,Лунгха,с. Чагда,Чагда,98624445101,Кобяйский муниципальный район,Нижилинский наслег
,,,,,р.Лена,Дорожный,98627420106,Дорожный,Ленский муниципальный район,,,,,,,,,,,101.0,Анабар,Юрюнг-Хая,Юрюнг-Хая,98610424101,Юрюнг-Хая,Юрюнг-Хаинский национальный (долганский) наслег,Анабарский национальный (долгано-эвенкийский) муниципальный район,,,,,,,,,101,Алдан,Суон-Тит,Суон-Тит,98633423106,Момский муниципальный район,Момский национальный наслег
,,,,,р.Лена,Килеер,98641434106,Килиер,Олекминский муниципальный район,,,,,,,,,,,102.0,Индигирка,Соболох,Соболох,98633428101,Соболох,Соболохский национальный наслег,Момский муниципальный район,,,,,,,,,102,Алдан,с. Хатыстыр,Хатыстыр,98603407101,Алданский муниципальный район,Беллетский эвенкийский национальный наслег
,,,,,р.Алдан,Учур,98603460101,Чагда,Алданский муниципальный район,,,,,,,,,,,103.0,Березовка,Березовка,Березовка,98631101106,Березовка,город Мирный,Мирнинский муниципальный район,,,,,,,,,103,Алдан,Томмот,Томмот,98603105001,Алданский муниципальный район,город Томмот
,,,,,р.Алдан,Нагорный,98603105106,Ыллымах,Алданский муниципальный район,,,,,,,,,,,104.0,Нюя,Орто-Нахара,Орто-Нахара,98627433101,Орто-Нахара,Орто-Нахаринский наслег,Ленский муниципальный район,,,,,,,,,104,Алдан,Угино,Угино,98603105001,Алданский муниципальный район,город Томмот
,,,,,р.Алдан,Канку,98603101111,Большой Нимныр,Алданский муниципальный район,,,,,,,,,,,105.0,Тяня,Тяня,Тяня,98641475101,Тяня,Тянский национальный наслег,Олекминский муниципальный район,,,,,,,,,105,Алдан,Учур,Чагда,98603460101,Алданский муниципальный район,Чагдинский наслег
,,,,,р.Алдан,Угино,98603105001,Томмот,Алданский муниципальный район,,,,,,,,,,,106.0,Олекма,Троицк,Троицк,98641470101,Троицк,Троицкий наслег,Олекминский муниципальный район,,,,,,,,,106,Алдан,Белькачи,Белькачи,98654405101,Усть-Майский муниципальный район,село Белькачи
,,,,,р.Алдан,Чюльбю,98603460101,Чагда,Алданский муниципальный район,,,,,,,,,,,107.0,Таатта,Ытык-Кюёль,Ытык-Кюёль,98604445101,Ытык-Кюёль,Таттинский наслег,Таттинский муниципальный район,,,,,,,,,107,Алдан,Усть-Миль,Усть-Миль,98654415101,Усть-Майский муниципальный район,село Усть-Миль
,,,,,р.Алдан,Тополиное,98650435101,Тополиное,Томпонский муниципальный район,,,,,,,,,,,108.0,Таатта,Черкёх,Черкёх,98604435101,Черкёх,Октябрьский наслег,Таттинский муниципальный район,,,,,,,,,108,Алдан,Чаран (Петропавловск),Петропавловск,98654420101,Усть-Майский муниципальный район,Петропавловский национальный наслег
,,,,,р.Вилюй,Лавинда,98631162051,Чернышевский,Мирнинский муниципальный район,,,,,,,,,,,109.0,Таатта,Боробул,Боробул,98604420101,Боробул,Жохсогонский наслег,Таттинский муниципальный район,,,,,,,,,,Алдан,Чаран,Петропавловск,98654420101,Усть-Майский муниципальный район,Петропавловский национальный наслег
,,,,,р.Вилюй,Чона,98631162051,Чернышевский,Мирнинский муниципальный район,,,,,,,,,,,110.0,Таатта,Дябыла,Дябыла,98658430101,Дябыла,Ожулунский наслег,Чурапчинский муниципальный район,,,,,,,,,109,Алдан,с. Эжанцы,Эжанцы,98654425101,Усть-Майский муниципальный район,Эжанский национальный наслег
,,,,,р.Вилюй,Туой-Хая,98631162051,Чернышевский,Мирнинский муниципальный район,,,,,,,,,,,111.0,Таатта,Харбала 2-я,Харбала 2-я,98658410101,Харбала 2-я,Болтогинский наслег,Чурапчинский муниципальный район,,,,,,,,,110,Алдан,Эльдикан,Эльдикан,98654164051,Усть-Майский муниципальный район,поселок Эльдикан
,,,,,р.Вилюй,Хабардино,98642437101,Оленек,Оленекский эвенкийский национальный муниципальный район,,,,,,,,,,,112.0,Сартанг,Бала,Бала,98616409101,Бала,Арылахский наслег,Верхоянский муниципальный район,,,,,,,,,111,Алдан,с. Кюпцы,Кюпцы,98654410101,Усть-Майский муниципальный район,Кюпский эвенкийский национальный наслег
,,,,,р.Вилюй,Шелагонцы,98642450101,Эйик,Оленекский эвенкийский национальный муниципальный район,,,,,,,,,,,113.0,От-Юрях,Кенг-Кюёль,Кенг-Кюёль,98601422101,Кенг-Кюёль,Уолбутский наслег,Абыйский муниципальный район,,,,,,,,,112,Алдан,Охот.Перевоз,Охотский-Перевоз,98650425101,Томпонский муниципальный район,Охот-Перевозовский наслег
,,,,,р.Вилюй,Чумпурук,98626410101,Малыкай,Нюрбинский муниципальный район,,,,,,,,,,,114.0,Оз. Сыаганнаах,Сыаганнах,Сыаганнах,98601417101,Сыаганнах,Мугурдахский наслег,Абыйский муниципальный район,,,,,,,,,113,Алдан,с. Джебарики-Хая,Джебарики-Хая,98650152051,Томпонский муниципальный район,поселок Джебарики-Хая
,,,,,р.Анабар,Джалинда,98642437101,Оленек,Оленекский эвенкийский национальный муниципальный район,,,,,,,,,,,115.0,Хаар-Бала5ан,Ерт,Ерт,98620465101,Ерт,Шологонский наслег,Горный муниципальный район,,,,,,,,,114,Алдан,с. Новый,Новый,98631155111,Мирнинский муниципальный район,поселок Алмазный
,,,,,р.Оленек,Ярольин,98642437101,Оленек,Оленекский эвенкийский национальный муниципальный район,,,,,,,,,,,116.0,Оз. Чагда,Чагда,Чагда,98624445101,Чагда,Нижилинский наслег,Кобяйский муниципальный район,,,,,,,,,115,Алдан,Хандыга,Хандыга,98650151051,Томпонский муниципальный район,поселок Хандыга
,,,,,р.Оленек,Сухана,98642437101,Оленек,Оленекский эвенкийский национальный муниципальный район,,,,,,,,,,,117.0,Чакыя,Магарас,Магарас,98620449101,Магарас,Одунунский наслег,Горный муниципальный район,,,,,,,,,116,Алдан,с. Кэскил,Кескил,98650430101,Томпонский муниципальный район,Сасыльский наслег
,,,,,р.Оленек,Тюмети,98612445106,Склад,Булунский муниципальный район,,,,,,,,,,,118.0,Дьюктюэнэ,Бясь-Кюель,Бясь-Кюель,98620405101,Бясь-Кюель,Атамайский наслег,Горный муниципальный район,,,,,,,,,117,Алдан,с. Мегино-Алдан,Мегино-Алдан,98650415101,Томпонский муниципальный район,Мегино-Алданский наслег
,,,,,р.Яна,Иэма,98650435101,Тополиное,Томпонский муниципальный район,,,,,,,,,,,119.0,Матта,Бердигестях,Бердигестях,98620410101,Бердигестях,Бердигестяхский наслег,Горный муниципальный район,,,,,,,,,118,Алдан,Крест-Хальджай,Крест-Хальджай,98650405101,Томпонский муниципальный район,Баягантайский наслег
,,,,,р.Яна,Екючю,98616448101,Суордах,Верхоянский муниципальный район,,,,,,,,,,,120.0,Куохара,Чурапча,Чурапча,98658470101,Чурапча,Чурапчинский наслег,Чурапчинский муниципальный район,,,,,,,,,119,Алдан,с. Хара-Алдан,Хара-Алдан,98604465101,Таттинский муниципальный район,Хара-Алданский наслег
,,,,,р.Яна,Юбилейная,98656405101,Казачье,Усть-Янский муниципальный район,,,,,,,,,,,121.0,Суола,Сатагай,Сатагай,98608458101,Сатагай,Сатагайский наслег,Амгинский муниципальный район,,,,,,,,,120,Алдан,Верх.Перевоз,Кылайы,98652475101,Усть-Алданский муниципальный район,Тюляхский наслег
,,,,,р. Индигирка,Юрты,98639432101,Терют,Оймяконский муниципальный район,,,,,,,,,,,122.0,Суола,Суола (Морук),Суола,98629436101,Суола,Морукский наслег,Мегино-Кангаласский муниципальный район,Морук,,,,,,,,121,Алдан,с. Кылайы,Кылайы,98652475101,Усть-Алданский муниципальный район,Тюляхский наслег
,,,,,р.Алдан,Томпо,98650435101,Тополиное,Томпонский муниципальный район,,,,,,,,,,,123.0,Суола,Бедьиме,Бедемё,98629406101,Бедемё,Батаринский 1-й наслег,Мегино-Кангаласский муниципальный район,,,,,,,,,122,Алдан,с. Чериктей,Чериктей,98652485101,Усть-Алданский муниципальный район,Чериктейский наслег
,,,,,р.Алдан,Верхоянский Перевоз,98652475101,Кылайы,Усть-Алданский муниципальный район,,,,,,,,,,,124.0,Суола,Хорообут,Хоробут,98629430101,Хоробут,Хоробутский наслег,Мегино-Кангаласский муниципальный район,,,,,,,,,123,Алдан,с. Дыгдал,Дыгдал,98652465101,Усть-Алданский муниципальный район,Оспехский наслег
,,,,,,,,,,,,,,,,,,,,125.0,Мыла,Хочо,Хочо,98629440101,Хочо,Нахаринский 2-й наслег,Мегино-Кангаласский муниципальный район,,,,,,,,,124,Алдан,Батамай,Батамай,98624414106,Кобяйский муниципальный район,Кировский эвенский национальный наслег
,,,,,,,,,,,,,,,,,,,,126.0,Майя,Чюйя,Чюйя,98629463101,Чюйя,Ходоринский наслег,Мегино-Кангаласский муниципальный район,,,,,,,,,125,Б.Нимныр,Б.Нимныр,Большой Нимныр,98603101111,Алданский муниципальный район,город Алдан
,,,,,,,,,,,,,,,,,,,,127.0,Оз. Мемен,Туора-Кюель,Туора-Кюёль,98604425101,Туора-Кюёль,Жулейский наслег,Таттинский муниципальный район,,,,,,,,,126,Якокит,Якокит,Якокит,98603170111,Алданский муниципальный район,поселок Нижний Куранах
,,,,,,,,,,,,,,,,,,,,128.0,,Салбанг (Хонгор-Биэ),Хонгор-Бие,98635440101,Хонгор-Бие,Салбанский наслег,Намский муниципальный район,,,,,,,,,127,Радио-Уруйэтэ,1.8 км от устья,1.8 км от устья,98603105001,Алданский муниципальный район,город Томмот
,,,,,,,,,,,,,,,,,,,,129.0,Оз. Мемен,Туора-Кюель,Туора-Кюёль,98604425101,Туора-Кюёль,Жулейский наслег,Таттинский муниципальный район,,,,,,,,,128,Тимптон,Нагорный,Нагорный,98603105106,Алданский муниципальный район,город Томмот
,,,,,,,,,,,,,,,,,,,,130.0,Таатта,Ытык-Кюёль,Ытык-Кюёль,98604445101,Ытык-Кюёль,Таттинский наслег,Таттинский муниципальный район,,,,,,,,,129,Тимптон,Усть-Баралас,Усть-Баралас,98603105106,Алданский муниципальный район,город Томмот
,,,,,,,,,,,,,,,,,,,,131.0,Баяга,Баяга,Томтор,98604415101,Томтор,Баягинский наслег,Таттинский муниципальный район,,,,,,,,,130,Тимптон,Усть-Тимптон,Усть-Тимптон,98603105106,Алданский муниципальный район,город Томмот
,,,,,,,,,,,,,,,,,,,,132.0,Дулгалах,Суордах,Суордах,98616448101,Суордах,Суордахский наслег,Верхоянский муниципальный район,,,,,,,,,131,Иенгра,Золотинка,Золотинка,98660154051,Нерюнгринский муниципальный район,поселок Золотинка
,,,,,,,,,,,,,,,,,,,,133.0,Дулгалах,Томтор (Борулахский),Томтор,98616414101,Томтор,Борулахский наслег,Верхоянский муниципальный район,Борулах,,,,,,,,132,Чульман,Чульман,Чульман,98660165051,Нерюнгринский муниципальный район,поселок Чульман
,,,,,,,,,,,,,,,,,,,,134.0,Борулах,Токума,Токума,98616414106,Токума,Борулахский наслег,Верхоянский муниципальный район,,,,,,,,,133,В.Нерюнга,Нерюнгри,Нерюнгри,98660101001,Нерюнгринский муниципальный район,город Нерюнгри
,,,,,,,,,,,,,,,,,,,,135.0,Сартанг,Юнкюр,Юнкюр,98616442101,Юнкюр,Сартанский наслег,Верхоянский муниципальный район,,,,,,,,,134,Б.Хатами,Б.Хатами,Большой Хатыми,98660165106,Нерюнгринский муниципальный район,поселок Чульман
,,,,,,,,,,,,,,,,,,,,136.0,Адыча,Бетенкёс,Бетенкёс,98616404101,Бетенкёс,Адычинский наслег,Верхоянский муниципальный район,,,,,,,,,135,Б.Ыллымах,Ыллымах,Ыллымах,98603105106,Алданский муниципальный район,город Томмот
,,,,,,,,,,,,,,,,,,,,137.0,Яна,Боронук,Боронук,98616477101,Боронук,Бабушкинский наслег,Верхоянский муниципальный район,,,,,,,,,136,Учур,Чюльбю,Чюльбю,98603460101,Алданский муниципальный район,Чагдинский наслег
,,,,,,,,,,,,,,,,,,,,138.0,Яна,Верхоянск,Верхоянск,98616103001,Верхоянск,город Верхоянск,Верхоянский муниципальный район,,,,,,,,,137,Мая,Нелькан,Нелькан,8606416101,Аяно-Майский муниципальный район,Нельканское
,,,,,,,,,,,,,,,,,,,,139.0,Яна,Хайысардах,Хайысардах,98616470101,Хайысардах,Эльгесский наслег,Верхоянский муниципальный район,,,,,,,,,138,Мая,Аим,Аим,8606402101,Аяно-Майский муниципальный район,Аимское
,,,,,,,,,,,,,,,,,,,,140.0,Дулгалах,Томтор (Дулгалах),Томтор,98616425101,Томтор,Дулгалахский наслег,Верхоянский муниципальный район,Дулгалах,,,,,,,,139,Мая,Усть-Юдома,Усть-Юдома,98654151106,Усть-Майский муниципальный район,поселок Усть-Мая
,,,,,,,,,,,,,,,,,,,,141.0,Сартанг,Сысы-Мейите,Сысы-Мейите,98616442106,Сысы-Мейите,Сартанский наслег,Верхоянский муниципальный район,,,,,,,,,140,Мая,Чабда,Чабда,98654151106,Усть-Майский муниципальный район,поселок Усть-Мая
,,,,,,,,,,,,,,,,,,,,142.0,Уяндина,Сыаганнах,Сыаганнах,98601417101,Сыаганнах,Мугурдахский наслег,Абыйский муниципальный район,,,,,,,,,141,Аллах-Юнь,Аллах,Аллах,98654156051,Усть-Майский муниципальный район,поселок Звездочка
,,,,,,,,,,,,,,,,,,,,143.0,Индигирка,Куберганя,Куберганя,98601409101,Куберганя,Майорский национальный наслег,Абыйский муниципальный район,,,,,,,,,142,Таатта,с.Харбала-2,Харбала 2-я,98658410101,Чурапчинский муниципальный район,Болтогинский наслег
,,,,,,,,,,,,,,,,,,,,144.0,Индигирка,Сутуруоха,Сутуруоха,98601433101,Сутуруоха,Урасалахский наслег,Абыйский муниципальный район,,,,,,,,,143,Таатта,с. Черкех,Черкёх,98604435101,Таттинский муниципальный район,Октябрьский наслег
,,,,,,,,,,,,,,,,,,,,145.0,Индигирка,Белая Гора,Белая Гора,98601151051,Белая Гора,поселок Белая Гора,Абыйский муниципальный район,,,,,,,,,144,Таатта,с. Боробул,Боробул,98604420101,Таттинский муниципальный район,Жохсогонский наслег
,,,,,,,,,,,,,,,,,,,,146.0,Колыма,Зырянка,Зырянка,98615151051,Зырянка,поселок Зырянка,Верхнеколымский муниципальный район,,,,,,,,,145,Амга,Буяга,Верхняя Амга,98603105111,Алданский муниципальный район,город Томмот
,,,,,,,,,,,,,,,,,,,,147.0,Колыма,Среднеколымск,Среднеколымск,98646101001,Среднеколымск,город Среднеколымск,Среднеколымский муниципальный район,,,,,,,,,146,Амга,Амга,Амга,98608432101,Амгинский муниципальный район,Амгинский наслег
,,,,,,,,,,,,,,,,,,,,148.0,Алазея,Сватай,Сватай,98646436101,Сватай,Мятисский 2-й наслег,Среднеколымский муниципальный район,,,,,,,,,147,Амга,с. Абага,Абага,98608405101,Амгинский муниципальный район,Абагинский наслег
,,,,,,,,,,,,,,,,,,,,149.0,Алазея,Аргахтах,Аргахтах,98646405101,Аргахтах,Алазейский наслег,Среднеколымский муниципальный район,,,,,,,,,148,Амга,с. Мяндиги,Мяндиги,98608455101,Амгинский муниципальный район,Мяндигинский наслег
,,,,,,,,,,,,,,,,,,,,150.0,Оз. Хатынгнах,Налимск,Налимск,98646410101,Налимск,Байдинский наслег,Среднеколымский муниципальный район,,,,,,,,,149,Амга,с. Мындагай,Мындагай,98658415101,Чурапчинский муниципальный район,Болугурский наслег
,,,,,,,,,,,,,,,,,,,,151.0,Индигирка,Хонуу,Хонуу,98633423101,Хонуу,Момский национальный наслег,Момский муниципальный район,,,,,,,,,150,Амга,с. Мырыла,Мырыла,98658435101,Чурапчинский муниципальный район,Соловьевский наслег
,,,,,,,,,,,,,,,,,,,,152.0,Индигирка,Кулун-Елбют,Кулун-Елбют,98633405101,Кулун-Елбют,Чыбагалахский национальный наслег,Момский муниципальный район,,,,,,,,,151,Амга,с. Дайа-Амгата,Дайа-Амгата,98604418101,Таттинский муниципальный район,Дайа-Амгинский наслег
,,,,,,,,,,,,,,,,,,,,153.0,Индигирка,Буор-Сысы,Буор-Сысы,98633414101,Буор-Сысы,Индигирский национальный наслег,Момский муниципальный район,,,,,,,,,152,Амга,Терють (Харбалах),Харбалах,98604440101,Таттинский муниципальный район,Средне-Амгинский наслег
,,,,,,,,,,,,,,,,,,,,154.0,Таатта,Дябыла,Дябыла,98658430101,Дябыла,Ожулунский наслег,Чурапчинский муниципальный район,,,,,,,,,,Амга,Терють,Харбалах,98604440101,Таттинский муниципальный район,Средне-Амгинский наслег
,,,,,,,,,,,,,,,,,,,,155.0,Нера,Усть-Нера,Усть-Нера,98639151051,Усть-Нера,поселок Усть-Нера,Оймяконский муниципальный район,,,,,,,,,153,Амга,с. Чымнайы,Чымнайи,98604460101,Таттинский муниципальный район,Усть-Амгинский наслег
,,,,,,,,,,,,,,,,,,,,156.0,Индигирка,Оймякон,Оймякон,98639405101,Оймякон,Оймякон Полюс Холода,Оймяконский муниципальный район,,,,,,,,,154,Томпо,Томпо,Томпо,98650435101,Томпонский муниципальный район,Томпонский национальный (эвенский) наслег
,,,,,,,,,,,,,,,,,,,,157.0,Куйдусун,Куйдусун,Куйдусун,98639410116,Куйдусун,Борогонский 2-й наслег,Оймяконский муниципальный район,,,,,,,,,155,Вилюй,Усть-Амбардах,Усть-Амбардах,98631162051,Мирнинский муниципальный район,поселок Чернышевский
,,,,,,,,,,,,,,,,,,,,158.0,Индигирка,Берег-Юрдя,Берег-Юрдя,98639405106,Берег-Юрдя,Оймякон Полюс Холода,Оймяконский муниципальный район,,,,,,,,,156,Вилюй,Вилюйская ГЭС,Чернышевский,98631162051,Мирнинский муниципальный район,поселок Чернышевский
,,,,,,,,,,,,,,,,,,,,159.0,Индигирка,Хара-Тумул,Хара-Тумул,98639405111,Хара-Тумул,Оймякон Полюс Холода,Оймяконский муниципальный район,,,,,,,,,157,Вилюй,Сюльдюкар,Сюльдюкар,98631428101,Мирнинский муниципальный район,Садынский национальный эвенкийский наслег
,,,,,,,,,,,,,,,,,,,,160.0,Индигирка,Орто-Балаган,Орто-Балаган,98639427101,Орто-Балаган,Сордоннохский национальный наслег,Оймяконский муниципальный район,,,,,,,,,158,Вилюй,Крестях,Крестях,98648430101,Сунтарский муниципальный район,Крестяхский наслег
,,,,,,,,,,,,,,,,,,,,161.0,Чара,Токко,Токко,98641420101,Токко,Жарханский национальный наслег,Олекминский муниципальный район,,,,,,,,,159,Вилюй,Сунтар,Сунтар,98648455101,Сунтарский муниципальный район,Сунтарский наслег
,,,,,,,,,,,,,,,,,,,,162.0,Чара,Бясь-Кюель,Бясь-Кюель,98620405101,Бясь-Кюель,Атамайский наслег,Горный муниципальный район,,,,,,,,,160,Вилюй,Нюрба,Нюрба,98626101001,Нюрбинский муниципальный район,город Нюрба
,,,,,,,,,,,,,,,,,,,,163.0,Момыя,Себян-Кюёль,Себян-Кюёль,98624429101,Себян-Кюёль,Ламынхинский эвенский национальный наслег,Кобяйский муниципальный район,,,,,,,,,161,Вилюй,с. Хоро  (Булгунньахтах),Хоро,98614486101,Верхневилюйский муниципальный район,Хоринский наслег
,,,,,,,,,,,,,,,,,,,,164.0,Юдома,Югоренок,Югоренок,98654166051,Югоренок,поселок Югоренок,Усть-Майский муниципальный район,,,,,,,,,162,Вилюй,Верхневилюйск,Верхневилюйск,98614412101,Верхневилюйский муниципальный район,Верхневилюйский наслег
,,,,,,,,,,,,,,,,,,,,165.0,Алазея,Андрюшкино,Андрюшкино,98637411101,Андрюшкино,"Национальный юкагирский ""Олеринский Суктул""",Нижнеколымский муниципальный район,,,,,,,,,163,Вилюй,Вилюйск,Вилюйск,98618101001,Вилюйский муниципальный район,город Вилюйск
,,,,,,,,,,,,,,,,,,,,166.0,Чульман,Чульман,Чульман,98660165051,Чульман,поселок Чульман,Нерюнгринский муниципальный район,,,,,,,,,164,Вилюй,Хатырык-Хомо,Хатырык-Хомо,98624405111,Кобяйский муниципальный район,Арыктахский наслег
,,,,,,,,,,,,,,,,,,,,167.0,Иенгра,Иенгра,Иенгра,98660405101,Иенгра,Иенгринский эвенкийский национальный наслег,Нерюнгринский муниципальный район,,,,,,,,,165,Вилюй,Промышленный,Промышленный,98624405111,Кобяйский муниципальный район,Арыктахский наслег
,,,,,,,,,,,,,,,,,,,,168.0,Алдан,Крест-Хальджай,Крест-Хальджай,98650405101,Крест-Хальджай,Баягантайский наслег,Томпонский муниципальный район,,,,,,,,,166,Чуркуо,Лавинда,Лавинда,98631162051,Мирнинский муниципальный район,поселок Чернышевский
,,,,,,,,,,,,,,,,,,,,169.0,Лена,Сыгыннах,Сыгыннах,98635405101,Сыгыннах,Арбынский наслег,Намский муниципальный район,,,,,,,,,167,Улахан-Эдьек,Дальний,Дальний,98631162051,Мирнинский муниципальный район,поселок Чернышевский
,,,,,,,,,,,,,,,,,,,,,,,,,,,,,,,,,,,,168,Чона,Чона,Чона,98631162051,Мирнинский муниципальный район,поселок Чернышевский
,,,,,,,,,,,,,,,,,,,,,,,,,,,,,,,,,,,,169,Ичода,Майский,Майский,98631162051,Мирнинский муниципальный район,поселок Чернышевский
,,,,,,,,,,,,,,,,,,,,,,,,,,,,,,,,,,,,170,Дьэкиндэ,Улар,Улар,98631162051,Мирнинский муниципальный район,поселок Чернышевский
,,,,,,,,,,,,,,,,,,,,,,,,,,,,,,,,,,,,171,Ахтаранда,Сюрях-Хая,Сюрях-Хая,98631162051,Мирнинский муниципальный район,поселок Чернышевский
,,,,,,,,,,,,,,,,,,,,,,,,,,,,,,,,,,,,172,Батыр,Ясный,Ясный,98631162051,Мирнинский муниципальный район,поселок Чернышевский
,,,,,,,,,,,,,,,,,,,,,,,,,,,,,,,,,,,,173,Улахан-Ботуобуйа,Захар,Захар,98631162051,Мирнинский муниципальный район,поселок Чернышевский
,,,,,,,,,,,,,,,,,,,,,,,,,,,,,,,,,,,,174,Марха,Шелагонцы,Шелагонцы,98642450101,Оленекский эвенкийский национальный муниципальный район,Шологонский национальный наслег
,,,,,,,,,,,,,,,,,,,,,,,,,,,,,,,,,,,,175,Марха,Чумпурук,Чумпурук,98626410101,Нюрбинский муниципальный район,Бордонский наслег
,,,,,,,,,,,,,,,,,,,,,,,,,,,,,,,,,,,,176,Марха,Малыкай,Малыкай,98626410101,Нюрбинский муниципальный район,Бордонский наслег
,,,,,,,,,,,,,,,,,,,,,,,,,,,,,,,,,,,,177,Моркока,Хабардино,Хабардино,98642437101,Оленекский эвенкийский национальный муниципальный район,Оленекский национальный наслег
,,,,,,,,,,,,,,,,,,,,,,,,,,,,,,,,,,,,178,М.Куонапка,Джалинда,Джалинда,98642437101,Оленекский эвенкийский национальный муниципальный район,Оленекский национальный наслег
,,,,,,,,,,,,,,,,,,,,,,,,,,,,,,,,,,,,179,Анабар,Саскылах,Саскылах,98610411101,Анабарский национальный (долгано-эвенкийский) муниципальный район,Саскылахский национальный (эвенкийский) наслег
,,,,,,,,,,,,,,,,,,,,,,,,,,,,,,,,,,,,180,Оленёк,Ярольин,Ярольин,98642437101,Оленекский эвенкийский национальный муниципальный район,Оленекский национальный наслег
,,,,,,,,,,,,,,,,,,,,,,,,,,,,,,,,,,,,181,Оленёк,Оленёк,Оленек,98642437101,Оленекский эвенкийский национальный муниципальный район,Оленекский национальный наслег
,,,,,,,,,,,,,,,,,,,,,,,,,,,,,,,,,,,,182,Оленёк,Сухана,Сухана,98642437101,Оленекский эвенкийский национальный муниципальный район,Оленекский национальный наслег
,,,,,,,,,,,,,,,,,,,,,,,,,,,,,,,,,,,,183,Оленёк,Тюмяти,Склад,98612445106,Булунский муниципальный район,Тюметинский национальный (эвенкийский) наслег
,,,,,,,,,,,,,,,,,,,,,,,,,,,,,,,,,,,,184,Оленёк,Таймылыр,Таймылыр,98612445101,Булунский муниципальный район,Тюметинский национальный (эвенкийский) наслег
,,,,,,,,,,,,,,,,,,,,,,,,,,,,,,,,,,,,185,Оленёк,Усть-Оленёк,Усть-Оленек,98612445111,Булунский муниципальный район,Тюметинский национальный (эвенкийский) наслег
,,,,,,,,,,,,,,,,,,,,,,,,,,,,,,,,,,,,186,Яна,Верхоянск,Верхоянск,98616103001,Верхоянский муниципальный район,город Верхоянск
,,,,,,,,,,,,,,,,,,,,,,,,,,,,,,,,,,,,187,Яна,Батагай,Батагай,98616151051,Верхоянский муниципальный район,поселок Батагай
,,,,,,,,,,,,,,,,,,,,,,,,,,,,,,,,,,,,188,Яна,Сайды,Сайды,98616464101,Верхоянский муниципальный район,Эгинский наслег
,,,,,,,,,,,,,,,,,,,,,,,,,,,,,,,,,,,,189,Яна,Усть-Куйга,Усть-Куйга,98656165051,Усть-Янский муниципальный район,поселок Усть-Куйга
,,,,,,,,,,,,,,,,,,,,,,,,,,,,,,,,,,,,190,Яна,Юбилейная,Юбилейная,98656405101,Усть-Янский муниципальный район,Казачинский национальный наслег
,,,,,,,,,,,,,,,,,,,,,,,,,,,,,,,,,,,,191,Яна,с. Усть-Янск,Усть-Янск,98656425101,Усть-Янский муниципальный район,Усть-Янский национальный наслег
,,,,,,,,,,,,,,,,,,,,,,,,,,,,,,,,,,,,192,Яна,Нижнеянск,Нижнеянск,98656159051,Усть-Янский муниципальный район,поселок Нижнеянск
,,,,,,,,,,,,,,,,,,,,,,,,,,,,,,,,,,,,193,Сартанг,Юнкюр,Юнкюр,98616442101,Верхоянский муниципальный район,Сартанский наслег
,,,,,,,,,,,,,,,,,,,,,,,,,,,,,,,,,,,,194,Сартанг,Бала,Бала,98616409101,Верхоянский муниципальный район,Арылахский наслег
,,,,,,,,,,,,,,,,,,,,,,,,,,,,,,,,,,,,195,Дулгалах,Томтор,Томтор,98604415101,Таттинский муниципальный район,Баягинский наслег
,,,,,,,,,,,,,,,,,,,,,,,,,,,,,,,,,,,,196,Адыча,Усть-Чаркы,Усть-Чаркы,98616151111,Верхоянский муниципальный район,поселок Батагай
,,,,,,,,,,,,,,,,,,,,,,,,,,,,,,,,,,,,197,Адыча,Урдюк-Кумах,Юрдюк-Кумах,98616470106,Верхоянский муниципальный район,Эльгесский наслег
,,,,,,,,,,,,,,,,,,,,,,,,,,,,,,,,,,,,198,Бытантай,Асар,Асар,98616464101,Верхоянский муниципальный район,Эгинский наслег
,,,,,,,,,,,,,,,,,,,,,,,,,,,,,,,,,,,,199,Индигирка,Юрты,Юрты,98639432101,Оймяконский муниципальный район,Терютский наслег
,,,,,,,,,,,,,,,,,,,,,,,,,,,,,,,,,,,,200,Индигирка,Индигирский (Усть-Нера),Усть-Нера,98639151051,Оймяконский муниципальный район,поселок Усть-Нера
,,,,,,,,,,,,,,,,,,,,,,,,,,,,,,,,,,,,,Индигирка,Индигирский,Усть-Нера,98639151051,Оймяконский муниципальный район,поселок Усть-Нера
,,,,,,,,,,,,,,,,,,,,,,,,,,,,,,,,,,,,201,Индигирка,Усть-Мома (Хонуу),Хонуу,98633423101,Момский муниципальный район,Момский национальный наслег
,,,,,,,,,,,,,,,,,,,,,,,,,,,,,,,,,,,,,Индигирка,Усть-Мома,Хонуу,98633423101,Момский муниципальный район,Момский национальный наслег
,,,,,,,,,,,,,,,,,,,,,,,,,,,,,,,,,,,,202,Индигирка,Белая Гора,Белая Гора,98601151051,Абыйский муниципальный район,поселок Белая Гора
,,,,,,,,,,,,,,,,,,,,,,,,,,,,,,,,,,,,203,Индигирка,Чокурдах,Чокурдах,98606151051,Аллаиховский муниципальный район,поселок Чокурдах
,,,,,,,,,,,,,,,,,,,,,,,,,,,,,,,,,,,,204,Индигирка,Индигирская,Индигирская,98606450101,Аллаиховский муниципальный район,Русско-Устьинский наслег
,,,,,,,,,,,,,,,,,,,,,,,,,,,,,,,,,,,,205,Агаякан,Агаякан,Агаякан,98639410106,Оймяконский муниципальный район,Борогонский 2-й наслег
,,,,,,,,,,,,,,,,,,,,,,,,,,,,,,,,,,,,206,Эльги,5км выше у.Артык-Юрях,5км выше у.Артык-Юрях,98639432101,Оймяконский муниципальный район,Терютский наслег
,,,,,,,,,,,,,,,,,,,,,,,,,,,,,,,,,,,,207,Б.Артык-Юрях,3.5 км от устья,3.5 км от устья,98639432101,Оймяконский муниципальный район,Терютский наслег
,,,,,,,,,,,,,,,,,,,,,,,,,,,,,,,,,,,,208,Селеннях,с. Сайылык,Сайылык,98656415101,Усть-Янский муниципальный район,Силянняхский национальный наслег
,,,,,,,,,,,,,,,,,,,,,,,,,,,,,,,,,,,,209,Колыма,Среднекан,Среднекан,44510000051,0,Среднеканский
,,,,,,,,,,,,,,,,,,,,,,,,,,,,,,,,,,,,210,Колыма,Сеймчан,Сеймчан,44510000051,0,Среднеканский
,,,,,,,,,,,,,,,,,,,,,,,,,,,,,,,,,,,,211,Колыма,Балыгычан,Балыгычан,44510000102,0,Среднеканский
,,,,,,,,,,,,,,,,,,,,,,,,,,,,,,,,,,,,212,Колыма,Коркодон,Коркодон,44510000102,0,Среднеканский
,,,,,,,,,,,,,,,,,,,,,,,,,,,,,,,,,,,,213,Колыма,Зырянка,Зырянка,98615151051,Верхнеколымский муниципальный район,поселок Зырянка
,,,,,,,,,,,,,,,,,,,,,,,,,,,,,,,,,,,,214,Колыма,Среднеколымск,Среднеколымск,98646101001,Среднеколымский муниципальный район,город Среднеколымск
,,,,,,,,,,,,,,,,,,,,,,,,,,,,,,,,,,,,215,Колыма,с. Налимск,Налимск,98646410101,Среднеколымский муниципальный район,Байдинский наслег
,,,,,,,,,,,,,,,,,,,,,,,,,,,,,,,,,,,,216,Колыма,Колымский,Колымское,98637437101,Нижнеколымский муниципальный район,Чукотский национальный Халарчинский наслег
,,,,,,,,,,,,,,,,,,,,,,,,,,,,,,,,,,,,217,Колыма,Черский,Черский,98637151051,Нижнеколымский муниципальный район,поселок Черский
,,,,,,,,,,,,,,,,,,,,,,,,,,,,,,,,,,,,218,Колыма,с.Походск,Походск,98637424101,Нижнеколымский муниципальный район,Походский наслег
,,,,,,,,,,,,,,,,,,,,,,,,,,,,,,,,,,,,219,Ясачная,Нелемное,Нелемное,98615414101,Верхнеколымский муниципальный район,Нелемнский юкагирский наслег
,,,,,,,,,,,,,,,,,,,,,,,,,,,,,,,,,,,,220,Ясачная,с. Верхнеколымск,Верхнеколымск,98615409101,Верхнеколымский муниципальный район,Верхнеколымский наслег
,,,,,,,,,,,,,,,,,,,,,,,,,,,,,,,,,,,,221,Берёзовка,Берёзовка,Березовка,98631101106,Мирнинский муниципальный район,город Мирный
,,,,,,,,,,,,,,,,,,,,,,,,,,,,,,,,,,,,222,Алазея,Сватай,Сватай,98646436101,Среднеколымский муниципальный район,Мятисский 2-й наслег
,,,,,,,,,,,,,,,,,,,,,,,,,,,,,,,,,,,,223,Алазея,Аргахтах,Аргахтах,98646405101,Среднеколымский муниципальный район,Алазейский наслег
,,,,,,,,,,,,,,,,,,,,,,,,,,,,,,,,,,,,224,Алазея,Андрюшкино,Андрюшкино,98637411101,Нижнеколымский муниципальный район,"Национальный юкагирский ""Олеринский Суктул"""
,,,,,,,,,,,,,,,,,,,,,,,,,,,,,,,,,,,,225,Суола,Бедеме,Бедемё,98629406101,Мегино-Кангаласский муниципальный район,Батаринский 1-й наслег
,,,,,,,,,,,,,,,,,,,,,,,,,,,,,,,,,,,,226,Лена,Дарьино,Дарьина,25620419104,Киренский муниципальный район,Коршуновское
