Район,Наслег,ОКТМО,Период,Река,Населенный пункт,Год затопления,Unnamed: 7,"Кол-во ошибок ""#н/д""",0
Ленский муниципальный район,поселок Витим,98627153051,Весеннее половодье,Лена,Витим,2006,,"Кол-во ""не н.п.""",1.0
Ленский муниципальный район,город Ленск,98627101001,Весеннее половодье,Лена,Ленск,2001,,,
Олекминский муниципальный район,Кыллахский наслег,98641430101,Весеннее половодье,Лена,Кыллах,2006,,,
Олекминский муниципальный район,Кыллахский наслег,98641430101,Весеннее половодье,Лена,Кыллах,2011,,,
Олекминский муниципальный район,Кыллахский наслег,98641430101,Весеннее половодье,Лена,Кыллах,2024,,,
Олекминский муниципальный район,Троицкий наслег,98641470101,Весеннее половодье,Лена,Троицк,2011,,,
Олекминский муниципальный район,Троицкий наслег,98641470101,Весеннее половодье,Лена,Троицк,2024,,,
Олекминский муниципальный район,Солянский наслег,98641465101,Весеннее половодье,Лена,Солянка,2011,,,
Амгинский муниципальный район,Абагинский наслег,98608405101,Весеннее половодье,Лена,Абага,2006,,,
Амгинский муниципальный район,Абагинский наслег,98608405101,Весеннее половодье,Лена,Абага,2011,,,
Олекминский муниципальный район,город Олекминск,98641101001,Весеннее половодье,Лена,Олёкминск,2001,,,
Олекминский муниципальный район,город Олекминск,98641101001,Весеннее половодье,Лена,Олёкминск,2006,,,
Олекминский муниципальный район,город Олекминск,98641101001,Весеннее половодье,Лена,Олёкминск,2011,,,
Олекминский муниципальный район,Хоринский наслег,98641485101,Весеннее половодье,Лена,Хоринцы,2011,,,
Олекминский муниципальный район,Хоринский наслег,98641485101,Весеннее половодье,Лена,Хоринцы,2013,,,
Олекминский муниципальный район,Хоринский наслег,98641485101,Весеннее половодье,Лена,Хоринцы,2022,,,
Олекминский муниципальный район,Хоринский наслег,98641485101,Весеннее половодье,Лена,Хоринцы,2024,,,
Верхневилюйский муниципальный район,Балаганнахский наслег,98614402101,Весеннее половодье,Лена,Балаганнах,2024,,,
Олекминский муниципальный район,Нерюктяйинский 1-й наслег,98641445101,Весеннее половодье,Лена,Нерюктяйинск 1-й,2011,,,
Олекминский муниципальный район,Нерюктяйинский 1-й наслег,98641445101,Весеннее половодье,Лена,Нерюктяйинск 1-й,2012,,,
Олекминский муниципальный район,Нерюктяйинский 1-й наслег,98641445101,Весеннее половодье,Лена,Нерюктяйинск 1-й,2024,,,
Олекминский муниципальный район,Нерюктяйинский 1-й наслег,98641445101,Весеннее половодье,Лена,Нерюктяйинск 1-й,2013,,,
Олекминский муниципальный район,Нерюктяйинский 1-й наслег,98641445101,Весеннее половодье,Лена,Нерюктяйинск 1-й,2024,,,
Олекминский муниципальный район,Нерюктяйинский 1-й наслег,98641445106,Весеннее половодье,Лена,Бирюк,2024,,,
Олекминский муниципальный район,Дельгейский наслег,98641415101,Весеннее половодье,Лена,Дельгей,2012,,,
Олекминский муниципальный район,Дельгейский наслег,98641415101,Весеннее половодье,Лена,Дельгей,2013,,,
Олекминский муниципальный район,Дельгейский наслег,98641415101,Весеннее половодье,Лена,Дельгей,2024,,,
Олекминский муниципальный район,Дельгейский наслег,98641415106,Весеннее половодье,Лена,Иннях,2012,,,
Олекминский муниципальный район,Дельгейский наслег,98641415106,Весеннее половодье,Лена,Иннях,2024,,,
Хангаласский муниципальный район,Мальжагарский 5-й наслег,98644428101,Весеннее половодье,Лена,Кытыл-Дюра,2009,,,
Хангаласский муниципальный район,Мальжагарский 5-й наслег,98644428101,Весеннее половодье,Лена,Кытыл-Дюра,2010,,,
Хангаласский муниципальный район,Мальжагарский 5-й наслег,98644428101,Весеннее половодье,Лена,Кытыл-Дюра,2018,,,
Хангаласский муниципальный район,Мальжагарский 5-й наслег,98644428101,Весеннее половодье,Лена,Кытыл-Дюра,2020,,,
Хангаласский муниципальный район,Мальжагарский 5-й наслег,98644428101,Весеннее половодье,Лена,Кытыл-Дюра,2023,,,
Аллаиховский муниципальный район,Береляхский наслег,98606424101,Весеннее половодье,Лена,Чкалов,2010,,,
Аллаиховский муниципальный район,Береляхский наслег,98606424101,Весеннее половодье,Лена,Чкалов,2018,,,
Хангаласский муниципальный район,Иситский наслег,98644412101,Весеннее половодье,Лена,Исит,2010,,,
Хангаласский муниципальный район,Мальжагарский 1-й наслег,98644423106,Весеннее половодье,Лена,Тойон-Ары,2006,,,
Хангаласский муниципальный район,Мальжагарский 1-й наслег,98644423106,Весеннее половодье,Лена,Тойон-Ары,2010,,,
Хангаласский муниципальный район,город Покровск,98644101001,Весеннее половодье,Лена,Покровск,2010,,,
Хангаласский муниципальный район,Немюгюнский наслег,98644435101,Весеннее половодье,Лена,Ой,2010,,,
Хангаласский муниципальный район,Жемконский 1-й наслег,98644406106,Весеннее половодье,Лена,Хоточчу,2010,,,
Хангаласский муниципальный район,Жемконский 1-й наслег,98644406106,Весеннее половодье,Лена,Хоточчу,2018,,,
Хангаласский муниципальный район,Жерский наслег,98644409101,Весеннее половодье,Лена,Улах-Ан,2010,,,
Хангаласский муниципальный район,Октемский наслег,98644440101,Весеннее половодье,Лена,Октёмцы,2010,,,
Хангаласский муниципальный район,Октемский наслег,98644440101,Весеннее половодье,Лена,Октёмцы,2018,,,
Хангаласский муниципальный район,Техтюрский наслег,98644447101,Весеннее половодье,Лена,Техтюр,2010,,,
Мегино-Кангаласский муниципальный район,Рассолодинский наслег,98629447101,Весеннее половодье,Лена,Рассолода,2007,,,
Мегино-Кангаласский муниципальный район,Рассолодинский наслег,98629447101,Весеннее половодье,Лена,Рассолода,2010,,,
Мегино-Кангаласский муниципальный район,Рассолодинский наслег,98629447101,Весеннее половодье,Лена,Рассолода,2015,,,
Мегино-Кангаласский муниципальный район,Рассолодинский наслег,98629447101,Весеннее половодье,Лена,Рассолода,2018,,,
Мегино-Кангаласский муниципальный район,Хаптагайский наслег,98629460101,Весеннее половодье,Лена,Хаптагай,2007,,,
Мегино-Кангаласский муниципальный район,Хаптагайский наслег,98629460101,Весеннее половодье,Лена,Хаптагай,2010,,,
Мегино-Кангаласский муниципальный район,Хаптагайский наслег,98629460101,Весеннее половодье,Лена,Хаптагай,2015,,,
Мегино-Кангаласский муниципальный район,Хаптагайский наслег,98629460101,Весеннее половодье,Лена,Хаптагай,2018,,,
Мегино-Кангаласский муниципальный район,Хаптагайский наслег,98629460101,Весеннее половодье,Лена,Хаптагай,2020,,,
Мегино-Кангаласский муниципальный район,Нерюктяйинский наслег,98629445101,Весеннее половодье,Лена,Павловск,2010,,,
Мегино-Кангаласский муниципальный район,Нерюктяйинский наслег,98629445101,Весеннее половодье,Лена,Павловск,2015,,,
Мегино-Кангаласский муниципальный район,Нерюктяйинский наслег,98629445101,Весеннее половодье,Лена,Павловск,2018,,,
Мегино-Кангаласский муниципальный район,Нерюктяйинский наслег,98629445101,Весеннее половодье,Лена,Павловск,2020,,,
Мегино-Кангаласский муниципальный район,поселок Нижний Бестях,98629155051,Весеннее половодье,Лена,Нижний Бестях,2007,,,
Мегино-Кангаласский муниципальный район,поселок Нижний Бестях,98629155051,Весеннее половодье,Лена,Нижний Бестях,2010,,,
Мегино-Кангаласский муниципальный район,поселок Нижний Бестях,98629155051,Весеннее половодье,Лена,Нижний Бестях,2015,,,
Мегино-Кангаласский муниципальный район,поселок Нижний Бестях,98629155051,Весеннее половодье,Лена,Нижний Бестях,2018,,,
Мегино-Кангаласский муниципальный район,поселок Нижний Бестях,98629155051,Весеннее половодье,Лена,Нижний Бестях,2020,,,
Хангаласский муниципальный район,Техтюрский наслег,98644447101,Весеннее половодье,Лена,Техтюр,2007,,,
Хангаласский муниципальный район,Техтюрский наслег,98644447101,Весеннее половодье,Лена,Техтюр,2010,,,
Мегино-Кангаласский муниципальный район,Дойдунский наслег,98629413106,Весеннее половодье,Лена,Кердюген,2007,,,
Мегино-Кангаласский муниципальный район,Дойдунский наслег,98629413106,Весеннее половодье,Лена,Кердюген,2010,,,
Городской округ Город Якутск,город Якутск,98701000001,Весеннее половодье,Лена,Якутск,2001,,,
Городской округ Город Якутск,город Якутск,98701000001,Весеннее половодье,Лена,Якутск,2007,,,
Городской округ Город Якутск,город Якутск,98701000001,Весеннее половодье,Лена,Якутск,2008,,,
Городской округ Город Якутск,город Якутск,98701000001,Весеннее половодье,Лена,Якутск,2010,,,
Городской округ Город Якутск,город Якутск,98701000001,Весеннее половодье,Лена,Якутск,2011,,,
Городской округ Город Якутск,город Якутск,98701000001,Весеннее половодье,Лена,Якутск,2012,,,
Городской округ Город Якутск,город Якутск,98701000001,Весеннее половодье,Лена,Якутск,2013,,,
Городской округ Город Якутск,город Якутск,98701000001,Весеннее половодье,Лена,Якутск,2018,,,
Городской округ Город Якутск,город Якутск,98701000001,Весеннее половодье,Лена,Якутск,2020,,,
Городской округ Город Якутск,город Якутск,98701000001,Весеннее половодье,Лена,Якутск,2022,,,
Городской округ поселок Жатай,Жатай,98702000051,Весеннее половодье,Лена,Жатай,2020,,,
Намский муниципальный район,Хомустахский 2-й наслег,98635466101,Весеннее половодье,Лена,Хатас,2018,,,
Намский муниципальный район,Хомустахский 2-й наслег,98635466101,Весеннее половодье,Лена,Хатас,2020,,,
Городской округ Город Якутск,город Якутск,98701000116,Весеннее половодье,Лена,Табага,2001,,,
Городской округ Город Якутск,город Якутск,98701000116,Весеннее половодье,Лена,Табага,2010,,,
Городской округ Город Якутск,город Якутск,98701000116,Весеннее половодье,Лена,Табага,2015,,,
Городской округ Город Якутск,город Якутск,98701000116,Весеннее половодье,Лена,Табага,2018,,,
Городской округ Город Якутск,город Якутск,98701000116,Весеннее половодье,Лена,Табага,2020,,,
Городской округ Город Якутск,город Якутск,98701000121,Весеннее половодье,Лена,Тулагино,2001,,,
Городской округ Город Якутск,город Якутск,98701000121,Весеннее половодье,Лена,Тулагино,2007,,,
Городской округ Город Якутск,город Якутск,98701000121,Весеннее половодье,Лена,Тулагино,2010,,,
Городской округ Город Якутск,город Якутск,98701000121,Весеннее половодье,Лена,Тулагино,2011,,,
Городской округ Город Якутск,город Якутск,98701000121,Весеннее половодье,Лена,Тулагино,2013,,,
Городской округ Город Якутск,город Якутск,98701000121,Весеннее половодье,Лена,Тулагино,2022,,,
Городской округ Город Якутск,город Якутск,98701000136,Весеннее половодье,Лена,Сырдах,2001,,,
Городской округ Город Якутск,город Якутск,98701000136,Весеннее половодье,Лена,Сырдах,2007,,,
Городской округ Город Якутск,город Якутск,98701000136,Весеннее половодье,Лена,Сырдах,2010,,,
Городской округ Город Якутск,город Якутск,98701000126,Весеннее половодье,Лена,Капитоновка,2001,,,
Городской округ Город Якутск,город Якутск,98701000126,Весеннее половодье,Лена,Капитоновка,2007,,,
Городской округ Город Якутск,город Якутск,98701000126,Весеннее половодье,Лена,Капитоновка,2010,,,
Городской округ Город Якутск,город Якутск,98701000126,Весеннее половодье,Лена,Капитоновка,2011,,,
Городской округ Город Якутск,город Якутск,98701000126,Весеннее половодье,Лена,Капитоновка,2012,,,
Городской округ Город Якутск,город Якутск,98701000126,Весеннее половодье,Лена,Капитоновка,2013,,,
Городской округ Город Якутск,город Якутск,98701000001,Весеннее половодье,Лена,Кангалассы,2001,,,
Городской округ Город Якутск,город Якутск,98701000001,Весеннее половодье,Лена,Кангалассы,2010,,,
Городской округ Город Якутск,город Якутск,98701000001,Весеннее половодье,Лена,Кангалассы,2011,,,
Городской округ Город Якутск,город Якутск,98701000001,Весеннее половодье,Лена,Кангалассы,2020,,,
Городской округ Город Якутск,город Якутск,98701000001,Весеннее половодье,Лена,Кангалассы,2023,,,
Намский муниципальный район,Арбынский наслег,98635405101,Весеннее половодье,Лена,Сыгыннах,2001,,,
Намский муниципальный район,Арбынский наслег,98635405101,Весеннее половодье,Лена,Сыгыннах,2007,,,
Намский муниципальный район,Арбынский наслег,98635405101,Весеннее половодье,Лена,Сыгыннах,2008,,,
Намский муниципальный район,Арбынский наслег,98635405101,Весеннее половодье,Лена,Сыгыннах,2010,,,
Намский муниципальный район,Арбынский наслег,98635405101,Весеннее половодье,Лена,Сыгыннах,2012,,,
Намский муниципальный район,Арбынский наслег,98635405101,Весеннее половодье,Лена,Сыгыннах,2013,,,
Намский муниципальный район,Арбынский наслег,98635405101,Весеннее половодье,Лена,Сыгыннах,2015,,,
Намский муниципальный район,Арбынский наслег,98635405101,Весеннее половодье,Лена,Сыгыннах,2017,,,
Намский муниципальный район,Арбынский наслег,98635405101,Весеннее половодье,Лена,Сыгыннах,2018,,,
Намский муниципальный район,Арбынский наслег,98635405101,Весеннее половодье,Лена,Сыгыннах,2021,,,
Намский муниципальный район,Арбынский наслег,98635405101,Весеннее половодье,Лена,Сыгыннах,2023,,,
Намский муниципальный район,Арбынский наслег,98635405101,Весеннее половодье,Лена,Сыгыннах,2024,,,
Намский муниципальный район,Едейский наслег,98635415101,Весеннее половодье,Лена,Ымыяхтах,2001,,,
Намский муниципальный район,Едейский наслег,98635415101,Весеннее половодье,Лена,Ымыяхтах,2006,,,
Намский муниципальный район,Едейский наслег,98635415101,Весеннее половодье,Лена,Ымыяхтах,2007,,,
Намский муниципальный район,Едейский наслег,98635415101,Весеннее половодье,Лена,Ымыяхтах,2008,,,
Намский муниципальный район,Едейский наслег,98635415101,Весеннее половодье,Лена,Ымыяхтах,2010,,,
Намский муниципальный район,Едейский наслег,98635415101,Весеннее половодье,Лена,Ымыяхтах,2011,,,
Намский муниципальный район,Едейский наслег,98635415101,Весеннее половодье,Лена,Ымыяхтах,2012,,,
Намский муниципальный район,Едейский наслег,98635415101,Весеннее половодье,Лена,Ымыяхтах,2013,,,
Намский муниципальный район,Едейский наслег,98635415101,Весеннее половодье,Лена,Ымыяхтах,2015,,,
Намский муниципальный район,Едейский наслег,98635415101,Весеннее половодье,Лена,Ымыяхтах,2022,,,
Намский муниципальный район,Едейский наслег,98635415101,Весеннее половодье,Лена,Ымыяхтах,2024,,,
Намский муниципальный район,Хатын-Арынский наслег,98635455106,Весеннее половодье,Лена,Графский Берег,2001,,,
Намский муниципальный район,Хатын-Арынский наслег,98635455106,Весеннее половодье,Лена,Графский Берег,2006,,,
Намский муниципальный район,Хатын-Арынский наслег,98635455106,Весеннее половодье,Лена,Графский Берег,2007,,,
Намский муниципальный район,Хатын-Арынский наслег,98635455106,Весеннее половодье,Лена,Графский Берег,2008,,,
Намский муниципальный район,Хатын-Арынский наслег,98635455106,Весеннее половодье,Лена,Графский Берег,2010,,,
Намский муниципальный район,Хатын-Арынский наслег,98635455106,Весеннее половодье,Лена,Графский Берег,2022,,,
Намский муниципальный район,Хатын-Арынский наслег,98635455106,Весеннее половодье,Лена,Графский Берег,2024,,,
Намский муниципальный район,Хомустахский 2-й наслег,98635466101,Весеннее половодье,Лена,Хатас,2001,,,
Намский муниципальный район,Хомустахский 2-й наслег,98635466101,Весеннее половодье,Лена,Хатас,2006,,,
Намский муниципальный район,Хомустахский 2-й наслег,98635466101,Весеннее половодье,Лена,Хатас,2007,,,
Намский муниципальный район,Хомустахский 2-й наслег,98635466101,Весеннее половодье,Лена,Хатас,2010,,,
Намский муниципальный район,Хомустахский 2-й наслег,98635466101,Весеннее половодье,Лена,Хатас,2011,,,
Намский муниципальный район,Хомустахский 2-й наслег,98635466101,Весеннее половодье,Лена,Хатас,2015,,,
Намский муниципальный район,Хомустахский 2-й наслег,98635466101,Весеннее половодье,Лена,Хатас,2017,,,
Намский муниципальный район,Хомустахский 2-й наслег,98635466101,Весеннее половодье,Лена,Хатас,2020,,,
Намский муниципальный район,Хомустахский 2-й наслег,98635466101,Весеннее половодье,Лена,Хатас,2022,,,
Намский муниципальный район,Хомустахский 2-й наслег,98635466101,Весеннее половодье,Лена,Хатас,2024,,,
Намский муниципальный район,Партизанский наслег,98635435101,Весеннее половодье,Лена,Партизан,2001,,,
Намский муниципальный район,Партизанский наслег,98635435101,Весеннее половодье,Лена,Партизан,2007,,,
Намский муниципальный район,Партизанский наслег,98635435101,Весеннее половодье,Лена,Партизан,2010,,,
Намский муниципальный район,Партизанский наслег,98635435101,Весеннее половодье,Лена,Партизан,2011,,,
Намский муниципальный район,Партизанский наслег,98635435101,Весеннее половодье,Лена,Партизан,2020,,,
Намский муниципальный район,Партизанский наслег,98635435101,Весеннее половодье,Лена,Партизан,2022,,,
Намский муниципальный район,Партизанский наслег,98635435101,Весеннее половодье,Лена,Партизан,2024,,,
Намский муниципальный район,Никольский наслег,98635432101,Весеннее половодье,Лена,Никольский,2001,,,
Намский муниципальный район,Никольский наслег,98635432101,Весеннее половодье,Лена,Никольский,2010,,,
Намский муниципальный район,Никольский наслег,98635432101,Весеннее половодье,Лена,Никольский,2024,,,
Намский муниципальный район,Хамагаттинский наслег,98635450101,Весеннее половодье,Лена,Крест-Кытыл (Хамагатта),2001,,,
Намский муниципальный район,Хамагаттинский наслег,98635450101,Весеннее половодье,Лена,Крест-Кытыл (Хамагатта),2010,,,
Намский муниципальный район,Хамагаттинский наслег,98635450101,Весеннее половодье,Лена,Крест-Кытыл (Хамагатта),2011,,,
Намский муниципальный район,Хамагаттинский наслег,98635450101,Весеннее половодье,Лена,Крест-Кытыл (Хамагатта),2022,,,
Намский муниципальный район,Хамагаттинский наслег,98635450101,Весеннее половодье,Лена,Крест-Кытыл (Хамагатта),2024,,,
Намский муниципальный район,Ленский наслег,98635425101,Весеннее половодье,Лена,Намцы,2001,,,
Намский муниципальный район,Ленский наслег,98635425101,Весеннее половодье,Лена,Намцы,2010,,,
Намский муниципальный район,Ленский наслег,98635425101,Весеннее половодье,Лена,Намцы,2024,,,
Намский муниципальный район,Хатын-Арынский наслег,98635455101,Весеннее половодье,Лена,Аппаны (Хатын-Ары),2001,,,
Намский муниципальный район,Хатын-Арынский наслег,98635455101,Весеннее половодье,Лена,Аппаны (Хатын-Ары),2007,,,
Намский муниципальный район,Хатын-Арынский наслег,98635455101,Весеннее половодье,Лена,Аппаны (Хатын-Ары),2010,,,
Намский муниципальный район,Хатын-Арынский наслег,98635455101,Весеннее половодье,Лена,Аппаны (Хатын-Ары),2024,,,
Намский муниципальный район,Хатын-Арынский наслег,98635455111,Весеннее половодье,Лена,Кысыл-Деревня (Красная Деревня),2001,,,
Намский муниципальный район,Хатын-Арынский наслег,98635455111,Весеннее половодье,Лена,Кысыл-Деревня (Красная Деревня),2007,,,
Намский муниципальный район,Хатын-Арынский наслег,98635455111,Весеннее половодье,Лена,Кысыл-Деревня (Красная Деревня),2010,,,
Намский муниципальный район,Хатын-Арынский наслег,98635455111,Весеннее половодье,Лена,Кысыл-Деревня (Красная Деревня),2022,,,
Намский муниципальный район,Хатын-Арынский наслег,98635455111,Весеннее половодье,Лена,Кысыл-Деревня (Красная Деревня),2024,,,
Намский муниципальный район,Бетюнский наслег,98635410101,Весеннее половодье,Лена,Бютяй-Юрдя (Бетюн),2001,,,
Намский муниципальный район,Бетюнский наслег,98635410101,Весеннее половодье,Лена,Бютяй-Юрдя (Бетюн),2010,,,
Намский муниципальный район,Бетюнский наслег,98635410101,Весеннее половодье,Лена,Бютяй-Юрдя (Бетюн),2020,,,
Намский муниципальный район,Бетюнский наслег,98635410101,Весеннее половодье,Лена,Бютяй-Юрдя (Бетюн),2022,,,
Намский муниципальный район,Бетюнский наслег,98635410101,Весеннее половодье,Лена,Бютяй-Юрдя (Бетюн),2024,,,
Намский муниципальный район,Модутский наслег,98635430101,Весеннее половодье,Лена,Тумул (Модут),2001,,,
Намский муниципальный район,Модутский наслег,98635430101,Весеннее половодье,Лена,Тумул (Модут),2007,,,
Намский муниципальный район,Модутский наслег,98635430101,Весеннее половодье,Лена,Тумул (Модут),2010,,,
Намский муниципальный район,Модутский наслег,98635430101,Весеннее половодье,Лена,Тумул (Модут),2022,,,
Намский муниципальный район,Модутский наслег,98635430101,Весеннее половодье,Лена,Тумул (Модут),2024,,,
Намский муниципальный район,Хатырыкский наслег,98635460101,Весеннее половодье,Лена,Столбы (Хатырык),2024,,,
Намский муниципальный район,Маймагинский наслег,98635470101,Весеннее половодье,Лена,Маймага,2024,,,
Верхневилюйский муниципальный район,Кэнтикский наслег,98614429101,Весеннее половодье,Лена,Харыялах (Кебекен),2024,,,
Намский муниципальный район,Фрунзенский наслег,98635447101,Весеннее половодье,Лена,Фрунзе,2024,,,
Усть-Алданский муниципальный район,Суоттунский наслег,98652470101,Весеннее половодье,Лена,Огородтах (Соттинцы) уч. Хоногор,2001,,,
Усть-Алданский муниципальный район,Суоттунский наслег,98652470101,Весеннее половодье,Лена,Огородтах (Соттинцы) уч. Хоногор,2007,,,
Усть-Алданский муниципальный район,Суоттунский наслег,98652470101,Весеннее половодье,Лена,Огородтах (Соттинцы) уч. Хоногор,2010,,,
Усть-Алданский муниципальный район,Суоттунский наслег,98652470101,Весеннее половодье,Лена,Огородтах (Соттинцы) уч. Хоногор,2013,,,
Усть-Алданский муниципальный район,Суоттунский наслег,98652470101,Весеннее половодье,Лена,Огородтах (Соттинцы) уч. Хоногор,2020,,,
Усть-Алданский муниципальный район,Суоттунский наслег,98652470101,Весеннее половодье,Лена,Огородтах (Соттинцы) уч. Хоногор,2022,,,
Усть-Алданский муниципальный район,Борогонский наслег,98652415106,Весеннее половодье,Лена,Ары-Тит,2001,,,
Усть-Алданский муниципальный район,Борогонский наслег,98652415106,Весеннее половодье,Лена,Ары-Тит,2010,,,
Усть-Алданский муниципальный район,Борогонский наслег,98652415106,Весеннее половодье,Лена,Ары-Тит,2013,,,
Усть-Алданский муниципальный район,Борогонский наслег,98652415106,Весеннее половодье,Лена,Ары-Тит,2020,,,
Кобяйский муниципальный район,Куокуйский наслег,98624424106,Весеннее половодье,Лена,Кальвица,2005,,,
Кобяйский муниципальный район,Куокуйский наслег,98624424106,Весеннее половодье,Лена,Кальвица,2007,,,
Кобяйский муниципальный район,Куокуйский наслег,98624424106,Весеннее половодье,Лена,Кальвица,2008,,,
Кобяйский муниципальный район,Куокуйский наслег,98624424106,Весеннее половодье,Лена,Кальвица,2018,,,
Кобяйский муниципальный район,поселок Сангар,98624151051,Весеннее половодье,Лена,Сангар,2018,,,
Кобяйский муниципальный район,поселок Сангар,98624151051,Весеннее половодье,Лена,Сангар,2019,,,
Кобяйский муниципальный район,Куокуйский наслег,98624424101,Весеннее половодье,Лена,Аргас (Куокуй),2007,,,
Кобяйский муниципальный район,Куокуйский наслег,98624424101,Весеннее половодье,Лена,Аргас (Куокуй),2008,,,
Кобяйский муниципальный район,Куокуйский наслег,98624424101,Весеннее половодье,Лена,Аргас (Куокуй),2018,,,
Кобяйский муниципальный район,Куокуйский наслег,98624424101,Весеннее половодье,Лена,Аргас (Куокуй),2023,,,
Кобяйский муниципальный район,Ситтинский наслег,98624450101,Весеннее половодье,Лена,Ситте,2007,,,
Кобяйский муниципальный район,Ситтинский наслег,98624450101,Весеннее половодье,Лена,Ситте,2008,,,
Кобяйский муниципальный район,Ситтинский наслег,98624450101,Весеннее половодье,Лена,Ситте,2023,,,
Алданский муниципальный район,Чагдинский наслег,98603460101,Весеннее половодье,Алдан,Чагда,2001,,,
Алданский муниципальный район,Национальный наслег Анамы,98603404101,Весеннее половодье,Алдан,Кутана,2001,,,
Алданский муниципальный район,Беллетский эвенкийский национальный наслег,98603407106,Весеннее половодье,Алдан,Угоян,2001,,,
Усть-Майский муниципальный район,поселок Эльдикан,98654164051,Весеннее половодье,Алдан,Эльдикан,2001,,,
Усть-Майский муниципальный район,поселок Эльдикан,98654164051,Весеннее половодье,Алдан,Эльдикан,2007,,,
Усть-Майский муниципальный район,поселок Эльдикан,98654164051,Весеннее половодье,Алдан,Эльдикан,2008,,,
Усть-Майский муниципальный район,поселок Эльдикан,98654164051,Весеннее половодье,Алдан,Эльдикан,2012,,,
Усть-Майский муниципальный район,поселок Эльдикан,98654164051,Весеннее половодье,Алдан,Эльдикан,2018,,,
Усть-Майский муниципальный район,поселок Эльдикан,98654164051,Весеннее половодье,Алдан,Эльдикан,2019,,,
Усть-Майский муниципальный район,Эжанский национальный наслег,98654425101,Весеннее половодье,Алдан,Эжанцы,2001,,,
Усть-Майский муниципальный район,Эжанский национальный наслег,98654425101,Весеннее половодье,Алдан,Эжанцы,2008,,,
Усть-Майский муниципальный район,Эжанский национальный наслег,98654425101,Весеннее половодье,Алдан,Эжанцы,2018,,,
Усть-Майский муниципальный район,Кюпский эвенкийский национальный наслег,98654410101,Весеннее половодье,Алдан,Кюпцы,2018,,,
Усть-Майский муниципальный район,село Белькачи,98654405101,Весеннее половодье,Алдан,Белькачи,2001,,,
Усть-Майский муниципальный район,село Белькачи,98654405101,Весеннее половодье,Алдан,Белькачи,2018,,,
Томпонский муниципальный район,Охот-Перевозовский наслег,98650425101,Весеннее половодье,Алдан,Охотский-Перевоз,2018,,,
Томпонский муниципальный район,Мегино-Алданский наслег,98650415101,Весеннее половодье,Алдан,Мегино-Алдан,2001,,,
Томпонский муниципальный район,Мегино-Алданский наслег,98650415101,Весеннее половодье,Алдан,Мегино-Алдан,2018,,,
Томпонский муниципальный район,Сасыльский наслег,98650430101,Весеннее половодье,Алдан,Кескил,2001,,,
Томпонский муниципальный район,поселок Джебарики-Хая,98650152051,Весеннее половодье,Алдан,Джебарики-Хая,2001,,,
Томпонский муниципальный район,поселок Хандыга,98650151051,Весеннее половодье,Алдан,Хандыга,2001,,,
Таттинский муниципальный район,Хара-Алданский наслег,98604465101,Весеннее половодье,Алдан,Хара-Алдан,2018,,,
Усть-Алданский муниципальный район,Оспехский наслег,98652465101,Весеннее половодье,Алдан,Дыгдал,2001,,,
Усть-Алданский муниципальный район,Оспехский наслег,98652465101,Весеннее половодье,Алдан,Дыгдал,2017,,,
Усть-Алданский муниципальный район,Оспехский наслег,98652465101,Весеннее половодье,Алдан,Дыгдал,2018,,,
Усть-Алданский муниципальный район,Чериктейский наслег,98652485101,Весеннее половодье,Алдан,Чериктей,2001,,,
Усть-Алданский муниципальный район,Чериктейский наслег,98652485101,Весеннее половодье,Алдан,Чериктей,2008,,,
Усть-Алданский муниципальный район,Чериктейский наслег,98652485101,Весеннее половодье,Алдан,Чериктей,2015,,,
Усть-Алданский муниципальный район,Чериктейский наслег,98652485101,Весеннее половодье,Алдан,Чериктей,2017,,,
Усть-Алданский муниципальный район,Чериктейский наслег,98652485101,Весеннее половодье,Алдан,Чериктей,2018,,,
Усть-Алданский муниципальный район,Чериктейский наслег,98652485101,Весеннее половодье,Алдан,Чериктей,2020,,,
Усть-Алданский муниципальный район,Тюляхский наслег,98652475101,Весеннее половодье,Алдан,Кылайы,2001,,,
Усть-Алданский муниципальный район,Тюляхский наслег,98652475101,Весеннее половодье,Алдан,Кылайы,2020,,,
Кобяйский муниципальный район,Кировский эвенский национальный наслег,98624414106,Весеннее половодье,Алдан,Батамай,2015,,,
Верхнеколымский муниципальный район,поселок Зырянка,98615151051,Весеннее половодье,Колыма,Зырянка,2001,,,
Верхнеколымский муниципальный район,поселок Зырянка,98615151051,Весеннее половодье,Колыма,Зырянка,2012,,,
Верхнеколымский муниципальный район,поселок Зырянка,98615151051,Весеннее половодье,Колыма,Зырянка,2013,,,
Верхнеколымский муниципальный район,поселок Зырянка,98615151051,Весеннее половодье,Колыма,Зырянка,2014,,,
Верхнеколымский муниципальный район,поселок Зырянка,98615151051,Весеннее половодье,Колыма,Зырянка,2015,,,
Верхнеколымский муниципальный район,поселок Зырянка,98615151051,Весеннее половодье,Колыма,Зырянка,2018,,,
Верхнеколымский муниципальный район,поселок Зырянка,98615151051,Весеннее половодье,Колыма,Зырянка,2019,,,
Верхнеколымский муниципальный район,поселок Зырянка,98615151051,Весеннее половодье,Колыма,Зырянка,2020,,,
Верхнеколымский муниципальный район,Верхнеколымский наслег,98615409101,Весеннее половодье,Колыма,Верхнеколымск,2007,,,
Верхнеколымский муниципальный район,Верхнеколымский наслег,98615409101,Весеннее половодье,Колыма,Верхнеколымск,2014,,,
Верхнеколымский муниципальный район,Верхнеколымский наслег,98615409101,Весеннее половодье,Колыма,Верхнеколымск,2015,,,
Верхнеколымский муниципальный район,Верхнеколымский наслег,98615409101,Весеннее половодье,Колыма,Верхнеколымск,2018,,,
Среднеколымский муниципальный район,город Среднеколымск,98646101001,Весеннее половодье,Колыма,Среднеколымск,2012,,,
Среднеколымский муниципальный район,город Среднеколымск,98646101001,Весеннее половодье,Колыма,Среднеколымск,2013,,,
Среднеколымский муниципальный район,город Среднеколымск,98646101001,Весеннее половодье,Колыма,Среднеколымск,2018,,,
Среднеколымский муниципальный район,город Среднеколымск,98646101001,Весеннее половодье,Колыма,Среднеколымск,2019,,,
Среднеколымский муниципальный район,город Среднеколымск,98646101001,Весеннее половодье,Колыма,Среднеколымск,2020,,,
Среднеколымский муниципальный район,город Среднеколымск,98646101001,Весеннее половодье,Колыма,Среднеколымск,2021,,,
Среднеколымский муниципальный район,Байдинский наслег,98646410101,Весеннее половодье,Колыма,Налимск,2018,,,
Нижнеколымский муниципальный район,Чукотский национальный Халарчинский наслег,98637437101,Весеннее половодье,Колыма,Колымское,2007,,,
Нижнеколымский муниципальный район,Чукотский национальный Халарчинский наслег,98637437101,Весеннее половодье,Колыма,Колымское,2018,,,
Нижнеколымский муниципальный район,Походский наслег,98637424101,Весеннее половодье,Колыма,Походск,2018,,,
Нижнеколымский муниципальный район,Походский наслег,98637424101,Весеннее половодье,Колыма,Походск,2019,,,
Амгинский муниципальный район,Абагинский наслег,98608405101,Весеннее половодье,Амга,Абага,2001,,,
Амгинский муниципальный район,Абагинский наслег,98608405101,Весеннее половодье,Амга,Абага,2008,,,
Амгинский муниципальный район,Абагинский наслег,98608405101,Весеннее половодье,Амга,Абага,2018,,,
Амгинский муниципальный район,Амгинский наслег,98608432101,Весеннее половодье,Амга,Амга,2008,,,
Амгинский муниципальный район,Амгинский наслег,98608432101,Весеннее половодье,Амга,Амга,2018,,,
Амгинский муниципальный район,Амгинский наслег,98608432101,Весеннее половодье,Амга,Амга,2023,,,
Амгинский муниципальный район,Мяндигинский наслег,98608455101,Весеннее половодье,Амга,Мяндиги,2008,,,
Амгинский муниципальный район,Мяндигинский наслег,98608455101,Весеннее половодье,Амга,Мяндиги,2018,,,
Амгинский муниципальный район,Мяндигинский наслег,98608455101,Весеннее половодье,Амга,Мяндиги,2023,,,
Амгинский муниципальный район,Чапчылганский наслег,98608472101,Весеннее половодье,Амга,Чапчылган,2008,,,
Амгинский муниципальный район,Чапчылганский наслег,98608472101,Весеннее половодье,Амга,Чапчылган,2018,,,
Амгинский муниципальный район,Чапчылганский наслег,98608472101,Весеннее половодье,Амга,Чапчылган,2023,,,
Амгинский муниципальный район,Амгино-Нахаринский наслег,98608429101,Весеннее половодье,Амга,Оннёс,2018,,,
Таттинский муниципальный район,Усть-Амгинский наслег,98604460101,Весеннее половодье,Амга,Чымнайи,2007,,,
Таттинский муниципальный район,Усть-Амгинский наслег,98604460101,Весеннее половодье,Амга,Чымнайи,2008,,,
Таттинский муниципальный район,Усть-Амгинский наслег,98604460101,Весеннее половодье,Амга,Чымнайи,2020,,,
Таттинский муниципальный район,Усть-Амгинский наслег,98604460101,Весеннее половодье,Амга,Чымнайи,2021,,,
Таттинский муниципальный район,Усть-Амгинский наслег,98604460101,Весеннее половодье,Амга,Чымнайи,2023,,,
Таттинский муниципальный район,Дайа-Амгинский наслег,98604418101,Весеннее половодье,Амга,Дая-Амгата,2007,,,
Таттинский муниципальный район,Дайа-Амгинский наслег,98604418101,Весеннее половодье,Амга,Дая-Амгата,2018,,,
Таттинский муниципальный район,Средне-Амгинский наслег,98604440101,Весеннее половодье,Амга,Харбалах,2007,,,
Таттинский муниципальный район,Средне-Амгинский наслег,98604440101,Весеннее половодье,Амга,Харбалах,2008,,,
Таттинский муниципальный район,Средне-Амгинский наслег,98604440101,Весеннее половодье,Амга,Харбалах,2018,,,
Таттинский муниципальный район,Средне-Амгинский наслег,98604440101,Весеннее половодье,Амга,Харбалах,2020,,,
Таттинский муниципальный район,Средне-Амгинский наслег,98604440101,Весеннее половодье,Амга,Харбалах,2021,,,
Таттинский муниципальный район,Средне-Амгинский наслег,98604440101,Весеннее половодье,Амга,Харбалах,2023,,,
Чурапчинский муниципальный район,Соловьевский наслег,98658435101,Весеннее половодье,Амга,Мырыла,2008,,,
Чурапчинский муниципальный район,Соловьевский наслег,98658435101,Весеннее половодье,Амга,Мырыла,2018,,,
Чурапчинский муниципальный район,Болугурский наслег,98658415101,Весеннее половодье,Амга,Мындагай,2001,,,
Чурапчинский муниципальный район,Болугурский наслег,98658415101,Весеннее половодье,Амга,Мындагай,2008,,,
Чурапчинский муниципальный район,Болугурский наслег,98658415101,Весеннее половодье,Амга,Мындагай,2013,,,
Вилюйский муниципальный район,город Вилюйск,98618101001,Весеннее половодье,Вилюйск,Вилюйск,2008,,,
Нюрбинский муниципальный район,город Нюрба,98626101001,Весеннее половодье,Вилюйск,Нюрба,2004,,,
Нюрбинский муниципальный район,город Нюрба,98626101001,Весеннее половодье,Вилюйск,Нюрба,2008,,,
Нюрбинский муниципальный район,город Нюрба,98626101001,Весеннее половодье,Вилюйск,Нюрба,2011,,,
Нюрбинский муниципальный район,город Нюрба,98626101001,Весеннее половодье,Вилюйск,Нюрба,2020,,,
Нюрбинский муниципальный район,город Нюрба,98626101001,Весеннее половодье,Вилюйск,Нюрба,2024,,,
Нюрбинский муниципальный район,Жарханский наслег,98626415101,Весеннее половодье,Вилюйск,Жархан (р.Марха),2024,,,
Усть-Янский муниципальный район,Усть-Янский национальный наслег,98656425101,Весеннее половодье,Яна,Усть-Янск,2008,,,
Усть-Янский муниципальный район,Усть-Янский национальный наслег,98656425101,Весеннее половодье,Яна,Усть-Янск,2012,,,
Усть-Янский муниципальный район,Усть-Янский национальный наслег,98656425101,Весеннее половодье,Яна,Усть-Янск,2017,,,
Усть-Янский муниципальный район,Усть-Янский национальный наслег,98656425101,Весеннее половодье,Яна,Усть-Янск,2018,,,
Верхоянский муниципальный район,поселок Батагай,98616151051,Весеннее половодье,Яна,Батагай,2012,,,
Усть-Янский муниципальный район,Казачинский национальный наслег,98656405101,Весеннее половодье,Яна,Казачье,2018,,,
,,не н.п.,Весеннее половодье,Яна,Кресты,2018,,,
Анабарский национальный (долгано-эвенкийский) муниципальный район,Саскылахский национальный (эвенкийский) наслег,98610411101,Весеннее половодье,Анабар,Саскылах,2017,,,
Анабарский национальный (долгано-эвенкийский) муниципальный район,Саскылахский национальный (эвенкийский) наслег,98610411101,Весеннее половодье,Анабар,Саскылах,2023,,,
Анабарский национальный (долгано-эвенкийский) муниципальный район,Саскылахский национальный (эвенкийский) наслег,98610411101,Весеннее половодье,Анабар,Саскылах,2024,,,
Анабарский национальный (долгано-эвенкийский) муниципальный район,Юрюнг-Хаинский национальный (долганский) наслег,98610424101,Весеннее половодье,Анабар,Юрюнг-Хая,2017,,,
Момский муниципальный район,Соболохский национальный наслег,98633428101,Весеннее половодье,Индигирка,Соболох,2020,,,
Мирнинский муниципальный район,город Мирный,98631101106,Весеннее половодье,Березовка,Березовка,2007,,,
Мирнинский муниципальный район,город Мирный,98631101106,Весеннее половодье,Березовка,Березовка,2011,,,
Мирнинский муниципальный район,город Мирный,98631101106,Весеннее половодье,Березовка,Березовка,2017,,,
Мирнинский муниципальный район,город Мирный,98631101106,Весеннее половодье,Березовка,Березовка,2018,,,
Мирнинский муниципальный район,город Мирный,98631101106,Весеннее половодье,Березовка,Березовка,2020,,,
Ленский муниципальный район,Орто-Нахаринский наслег,98627433101,Весеннее половодье,Нюя,Орто-Нахара,2001,,,
Олекминский муниципальный район,Тянский национальный наслег,98641475101,Весеннее половодье,Тяня,Тяня,2023,,,
Олекминский муниципальный район,Троицкий наслег,98641470101,Весеннее половодье,Олекма,Троицк,2006,,,
Олекминский муниципальный район,Троицкий наслег,98641470101,Весеннее половодье,Олекма,Троицк,2011,,,
Таттинский муниципальный район,Таттинский наслег,98604445101,Весеннее половодье,Таатта,Ытык-Кюёль,2007,,,
Таттинский муниципальный район,Таттинский наслег,98604445101,Весеннее половодье,Таатта,Ытык-Кюёль,2008,,,
Таттинский муниципальный район,Таттинский наслег,98604445101,Весеннее половодье,Таатта,Ытык-Кюёль,2023,,,
Таттинский муниципальный район,Октябрьский наслег,98604435101,Весеннее половодье,Таатта,Черкёх,2007,,,
Таттинский муниципальный район,Октябрьский наслег,98604435101,Весеннее половодье,Таатта,Черкёх,2008,,,
Таттинский муниципальный район,Октябрьский наслег,98604435101,Весеннее половодье,Таатта,Черкёх,2023,,,
Таттинский муниципальный район,Жохсогонский наслег,98604420101,Весеннее половодье,Таатта,Боробул,2007,,,
Таттинский муниципальный район,Жохсогонский наслег,98604420101,Весеннее половодье,Таатта,Боробул,2008,,,
Таттинский муниципальный район,Жохсогонский наслег,98604420101,Весеннее половодье,Таатта,Боробул,2023,,,
Чурапчинский муниципальный район,Ожулунский наслег,98658430101,Весеннее половодье,Таатта,Дябыла,2015,,,
Чурапчинский муниципальный район,Болтогинский наслег,98658410101,Весеннее половодье,Таатта,Харбала 2-я,2008,,,
Чурапчинский муниципальный район,Болтогинский наслег,98658410101,Весеннее половодье,Таатта,Харбала 2-я,2023,,,
Верхоянский муниципальный район,Арылахский наслег,98616409101,Весеннее половодье,Сартанг,Бала,2012,,,
Абыйский муниципальный район,Уолбутский наслег,98601422101,Весеннее половодье,От-Юрях,Кенг-Кюёль,2017,,,
Абыйский муниципальный район,Мугурдахский наслег,98601417101,Весеннее половодье,Оз. Сыаганнаах,Сыаганнах,2017,,,
Горный муниципальный район,Шологонский наслег,98620465101,Весеннее половодье,Хаар-Бала5ан,Ерт,2020,,,
Горный муниципальный район,Шологонский наслег,98620465101,Весеннее половодье,Хаар-Бала5ан,Ерт,2022,,,
Горный муниципальный район,Шологонский наслег,98620465101,Весеннее половодье,Хаар-Бала5ан,Ерт,2023,,,
Алданский муниципальный район,Чагдинский наслег,98603460101,Весеннее половодье,Оз. Чагда,Чагда,2022,,,
Алданский муниципальный район,Чагдинский наслег,98603460101,Весеннее половодье,Оз. Чагда,Чагда,2023,,,
Горный муниципальный район,Одунунский наслег,98620449101,Весеннее половодье,Чакыя,Магарас,2023,,,
Горный муниципальный район,Атамайский наслег,98620405101,Весеннее половодье,Дьюктюэнэ,Бясь-Кюель,2023,,,
Горный муниципальный район,Бердигестяхский наслег,98620410101,Весеннее половодье,Матта,Бердигестях,2023,,,
Чурапчинский муниципальный район,Чурапчинский наслег,98658470101,Весеннее половодье,Куохара,Чурапча,2007,,,
Чурапчинский муниципальный район,Чурапчинский наслег,98658470101,Весеннее половодье,Куохара,Чурапча,2018,,,
Амгинский муниципальный район,Сатагайский наслег,98608458101,Весеннее половодье,Суола,Сатагай,2018,,,
Мегино-Кангаласский муниципальный район,Морукский наслег,98629436101,Весеннее половодье,Суола,Суола (Морук),2018,,,
Мегино-Кангаласский муниципальный район,Батаринский 1-й наслег,98629406101,Весеннее половодье,Суола,Бедьиме,2018,,,
Мегино-Кангаласский муниципальный район,Батаринский 1-й наслег,98629406101,Весеннее половодье,Суола,Бедьиме,2023,,,
Мегино-Кангаласский муниципальный район,Хоробутский наслег,98629430101,Весеннее половодье,Суола,Хорообут,2023,,,
Мегино-Кангаласский муниципальный район,Нахаринский 2-й наслег,98629440101,Весеннее половодье,Мыла,Хочо,2023,,,
Мегино-Кангаласский муниципальный район,Ходоринский наслег,98629463101,Весеннее половодье,Майя,Чюйя,2023,,,
Таттинский муниципальный район,Жулейский наслег,98604425101,Весеннее половодье,Оз. Мемен,Туора-Кюель,2023,,,
Намский муниципальный район,Салбанский наслег,98635440101,Весеннее половодье,,Салбанг (Хонгор-Биэ),2023,,,
Таттинский муниципальный район,Жулейский наслег,98604425101,Летне-осенние,Оз. Мемен,Туора-Кюель,2015,,,
Таттинский муниципальный район,Таттинский наслег,98604445101,Летне-осенние,Таатта,Ытык-Кюёль,2012,,,
Таттинский муниципальный район,Баягинский наслег,98604415101,Летне-осенние,Баяга,Баяга,2012,,,
Верхоянский муниципальный район,Суордахский наслег,98616448101,Летне-осенние,Дулгалах,Суордах,2011,,,
Верхоянский муниципальный район,Суордахский наслег,98616448101,Летне-осенние,Дулгалах,Суордах,2012,,,
Верхоянский муниципальный район,Суордахский наслег,98616448101,Летне-осенние,Дулгалах,Суордах,2015,,,
Верхоянский муниципальный район,Суордахский наслег,98616448101,Летне-осенние,Дулгалах,Суордах,2022,,,
Верхоянский муниципальный район,Борулахский наслег,98616414101,Летне-осенние,Дулгалах,Томтор (Борулахский),2012,,,
Верхоянский муниципальный район,Борулахский наслег,98616414101,Летне-осенние,Дулгалах,Томтор (Борулахский),2021,,,
Верхоянский муниципальный район,Борулахский наслег,98616414101,Летне-осенние,Дулгалах,Томтор (Борулахский),2022,,,
Верхоянский муниципальный район,Борулахский наслег,98616414106,Летне-осенние,Борулах,Токума,2021,,,
Верхоянский муниципальный район,Борулахский наслег,98616414106,Летне-осенние,Борулах,Токума,2022,,,
Верхоянский муниципальный район,Сартанский наслег,98616442101,Летне-осенние,Сартанг,Юнкюр,2012,,,
Верхоянский муниципальный район,Сартанский наслег,98616442101,Летне-осенние,Сартанг,Юнкюр,2022,,,
Верхоянский муниципальный район,Адычинский наслег,98616404101,Летне-осенние,Адыча,Бетенкёс,2012,,,
Верхоянский муниципальный район,Адычинский наслег,98616404101,Летне-осенние,Адыча,Бетенкёс,2022,,,
Верхоянский муниципальный район,Бабушкинский наслег,98616477101,Летне-осенние,Яна,Боронук,2022,,,
Верхоянский муниципальный район,город Верхоянск,98616103001,Летне-осенние,Яна,Верхоянск,2022,,,
Верхоянский муниципальный район,Эльгесский наслег,98616470101,Летне-осенние,Яна,Хайысардах,2022,,,
Верхоянский муниципальный район,Дулгалахский наслег,98616425101,Летне-осенние,Дулгалах,Томтор (Дулгалах),2022,,,
Верхоянский муниципальный район,Сартанский наслег,98616442106,Летне-осенние,Сартанг,Сысы-Мейите,2022,,,
Абыйский муниципальный район,Мугурдахский наслег,98601417101,Летне-осенние,Уяндина,Сыаганнах,2015,,,
Абыйский муниципальный район,Майорский национальный наслег,98601409101,Летне-осенние,Индигирка,Куберганя,2012,,,
Абыйский муниципальный район,Майорский национальный наслег,98601409101,Летне-осенние,Индигирка,Куберганя,2017,,,
Абыйский муниципальный район,Майорский национальный наслег,98601409101,Летне-осенние,Индигирка,Куберганя,2025,,,
Абыйский муниципальный район,Урасалахский наслег,98601433101,Летне-осенние,Индигирка,Сутуруоха,2017,,,
Абыйский муниципальный район,поселок Белая Гора,98601151051,Летне-осенние,Индигирка,Белая Гора,2017,,,
Верхнеколымский муниципальный район,поселок Зырянка,98615151051,Летне-осенние,Колыма,Зырянка,2012,,,
Верхнеколымский муниципальный район,поселок Зырянка,98615151051,Летне-осенние,Колыма,Зырянка,1014,,,
Среднеколымский муниципальный район,город Среднеколымск,98646101001,Летне-осенние,Колыма,Среднеколымск,2014,,,
Среднеколымский муниципальный район,Мятисский 2-й наслег,98646436101,Летне-осенние,Алазея,Сватай,2011,,,
Среднеколымский муниципальный район,Мятисский 2-й наслег,98646436101,Летне-осенние,Алазея,Сватай,2017,,,
Среднеколымский муниципальный район,Мятисский 2-й наслег,98646436101,Летне-осенние,Алазея,Сватай,2018,,,
Среднеколымский муниципальный район,Алазейский наслег,98646405101,Летне-осенние,Алазея,Аргахтах,2017,,,
Среднеколымский муниципальный район,Алазейский наслег,98646405101,Летне-осенние,Алазея,Аргахтах,2018,,,
Среднеколымский муниципальный район,Байдинский наслег,98646410101,Летне-осенние,Оз. Хатынгнах,Налимск,2011,,,
Среднеколымский муниципальный район,Байдинский наслег,98646410101,Летне-осенние,Оз. Хатынгнах,Налимск,2017,,,
Момский муниципальный район,Момский национальный наслег,98633423101,Летне-осенние,Индигирка,Хонуу,2012,,,
Момский муниципальный район,Момский национальный наслег,98633423101,Летне-осенние,Индигирка,Хонуу,2014,,,
Момский муниципальный район,Момский национальный наслег,98633423101,Летне-осенние,Индигирка,Хонуу,2025,,,
Момский муниципальный район,Чыбагалахский национальный наслег,98633405101,Летне-осенние,Индигирка,Кулун-Елбют,2012,,,
Момский муниципальный район,Чыбагалахский национальный наслег,98633405101,Летне-осенние,Индигирка,Кулун-Елбют,2025,,,
Момский муниципальный район,Индигирский национальный наслег,98633414101,Летне-осенние,Индигирка,Буор-Сысы,2012,,,
Момский муниципальный район,Индигирский национальный наслег,98633414101,Летне-осенние,Индигирка,Буор-Сысы,2021,,,
Момский муниципальный район,Индигирский национальный наслег,98633414101,Летне-осенние,Индигирка,Буор-Сысы,2025,,,
Чурапчинский муниципальный район,Ожулунский наслег,98658430101,Летне-осенние,Таатта,Дябыла,2014,,,
Оймяконский муниципальный район,поселок Усть-Нера,98639151051,Летне-осенние,Нера,Усть-Нера,2013,,,
Оймяконский муниципальный район,поселок Усть-Нера,98639151051,Летне-осенние,Нера,Усть-Нера,2025,,,
Оймяконский муниципальный район,Оймякон Полюс Холода,98639405101,Летне-осенние,Индигирка,Оймякон,2013,,,
Оймяконский муниципальный район,Оймякон Полюс Холода,98639405101,Летне-осенние,Индигирка,Оймякон,2016,,,
Оймяконский муниципальный район,Оймякон Полюс Холода,98639405101,Летне-осенние,Индигирка,Оймякон,2018,,,
Оймяконский муниципальный район,Оймякон Полюс Холода,98639405101,Летне-осенние,Индигирка,Оймякон,2023,,,
Оймяконский муниципальный район,Оймякон Полюс Холода,98639405101,Летне-осенние,Индигирка,Оймякон,2025,,,
Оймяконский муниципальный район,Борогонский 2-й наслег,98639410116,Летне-осенние,Куйдусун,Куйдусун,2013,,,
Оймяконский муниципальный район,Борогонский 2-й наслег,98639410116,Летне-осенние,Куйдусун,Куйдусун,2017,,,
Оймяконский муниципальный район,Борогонский 2-й наслег,98639410116,Летне-осенние,Куйдусун,Куйдусун,2023,,,
Оймяконский муниципальный район,Борогонский 2-й наслег,98639410116,Летне-осенние,Куйдусун,Куйдусун,2025,,,
Оймяконский муниципальный район,Оймякон Полюс Холода,98639405106,Летне-осенние,Индигирка,Берег-Юрдя,2013,,,
Оймяконский муниципальный район,Оймякон Полюс Холода,98639405106,Летне-осенние,Индигирка,Берег-Юрдя,2016,,,
Оймяконский муниципальный район,Оймякон Полюс Холода,98639405106,Летне-осенние,Индигирка,Берег-Юрдя,2018,,,
Оймяконский муниципальный район,Оймякон Полюс Холода,98639405106,Летне-осенние,Индигирка,Берег-Юрдя,2025,,,
Оймяконский муниципальный район,Оймякон Полюс Холода,98639405111,Летне-осенние,Индигирка,Хара-Тумул,2013,,,
Оймяконский муниципальный район,Оймякон Полюс Холода,98639405111,Летне-осенние,Индигирка,Хара-Тумул,2016,,,
Оймяконский муниципальный район,Оймякон Полюс Холода,98639405111,Летне-осенние,Индигирка,Хара-Тумул,2025,,,
Оймяконский муниципальный район,Сордоннохский национальный наслег,98639427101,Летне-осенние,Индигирка,Орто-Балаган,2013,,,
Оймяконский муниципальный район,Сордоннохский национальный наслег,98639427101,Летне-осенние,Индигирка,Орто-Балаган,2018,,,
Оймяконский муниципальный район,Сордоннохский национальный наслег,98639427101,Летне-осенние,Индигирка,Орто-Балаган,2025,,,
Олекминский муниципальный район,Жарханский национальный наслег,98641420101,Летне-осенние,Чара,Токко,2012,,,
Олекминский муниципальный район,Жарханский национальный наслег,98641420101,Летне-осенние,Чара,Токко,2017,,,
Горный муниципальный район,Атамайский наслег,98620405101,Летне-осенние,Чара,Бясь-Кюель,2017,,,
Кобяйский муниципальный район,Ламынхинский эвенский национальный наслег,98624429101,Летне-осенние,Момыя,Себян-Кюёль,2012,,,
Кобяйский муниципальный район,Ламынхинский эвенский национальный наслег,98624429101,Летне-осенние,Момыя,Себян-Кюёль,2022,,,
Усть-Майский муниципальный район,поселок Югоренок,98654166051,Летне-осенние,Юдома,Югоренок,2017,,,
Нижнеколымский муниципальный район,"Национальный юкагирский ""Олеринский Суктул""",98637411101,Летне-осенние,Алазея,Андрюшкино,2017,,,
Нерюнгринский муниципальный район,поселок Чульман,98660165051,Летне-осенние,Чульман,Чульман,2010,,,
Нерюнгринский муниципальный район,Иенгринский эвенкийский национальный наслег,98660405101,Летне-осенние,Иенгра,Иенгра,2010,,,
Томпонский муниципальный район,Баягантайский наслег,98650405101,Летне-осенние,Алдан,Крест-Хальджай,2016,,,
Намский муниципальный район,Арбынский наслег,98635405101,Летне-осенние,Лена,Сыгыннах,2022,,,
