п/п,Район,Наслег,Населенный пункт,ОКТМО,Река,ГМС,Крит уровень ОЯ,Низкий уровень ОЯ,Геопозиция (широта),Геопозиция (долгота)
1,Усть-Кутский муниципальный район,Усть-Кутское,Усть-Кут,25644101001,Лена,Усть-Кут,700,0,56.77882594,105.75483468
2,Киренский муниципальный район,Киренское,Змеиново,25620101141,Лена,Змеиново,680,0,57.77760406,108.30443072
3,Киренский муниципальный район,"Межселенные территории Киренского муниципального района, на территории которых расположены земли следующих населенных пунктов: с Улькан, с Красноярово, п Визирный",Визирный,25620701912,Лена,Визирный,0,0,58.89353946,111.25585574
4,Киренский муниципальный район,Коршуновское,Дарьина,25620419104,Лена,Дарьино,0,0,58.31796401,109.65694141
5,Ленский муниципальный район,поселок Витим,Витим,98627153051,Лена,Витим,950,30,59.44912739,112.57888783
6,Ленский муниципальный район,поселок Пеледуй,Пеледуй,98627157051,Лена,Пеледуй,1200,175,59.61511508,112.75662172
7,Ленский муниципальный район,поселок Пеледуй,Крестовский лесоучасток,98627157106,Лена,Крестовский,1760,0,59.77224366,113.2727002
8,Ленский муниципальный район,Ярославский наслег,Хамра,98627449106,Лена,с. Хамра,900,0,60.21646247,114.11195352
9,Ленский муниципальный район,город Ленск,Ленск,98627101001,Лена,Ленск,1760,75,60.71465934,114.93343819
10,Ленский муниципальный район,Салдыкельский наслег,Мурья,98627436101,Лена,с. Мурья,920,0,60.73081094,115.29092385
11,Ленский муниципальный район,Салдыкельский наслег,Батамай,98627436106,Лена,с. Батамай,1100,0,60.75354726,115.60866906
12,Ленский муниципальный район,Нюйский наслег,Нюя,98627430101,Лена,Нюя,1300,0,60.53188422,116.20424736
13,Ленский муниципальный район,Нюйский наслег,Турукта,98627430106,Лена,с. Турукта,850,0,60.47813365,116.52800671
14,Олекминский муниципальный район,Мачинский наслег,Мача,98641440101,Лена,Мача,1290,60,59.9067205,117.58700121
15,Олекминский муниципальный район,Дельгейский наслег,Дельгей,98641415101,Лена,с. Дельгей,1000,0,59.90350415,118.61060254
16,Олекминский муниципальный район,Дабанский наслег,Дабан,98641410101,Лена,с. Дабан,1000,0,60.12123084,119.21322639
17,Олекминский муниципальный район,Нерюктяйинский 1-й наслег,Нерюктяйинск 1-й,98641445101,Лена,с. 1-Нерюктяйинск,1000,0,60.25418098,119.67383281
18,Олекминский муниципальный район,Кыллахский наслег,Кыллах,98641430101,Лена,с. Кыллах,1000,0,60.20610967,119.92823497
19,Олекминский муниципальный район,город Олекминск,Олёкминск,98641101001,Лена,Олёкминск,1060,60,60.36619014,120.43821085
20,Олекминский муниципальный район,Солянский наслег,Солянка,98641465101,Лена,Солянка,1445,0,60.4700783,120.72563637
21,Олекминский муниципальный район,Хоринский наслег,Хоринцы,98641485101,Лена,с. Хоринцы,1000,0,60.65962653,121.44162793
22,Олекминский муниципальный район,Урицкий наслег,Хатынг-Тумул,98641480106,Лена,Хатынг-Тумул,1113,40,60.58694456,122.89453889
23,Олекминский муниципальный район,Саныяхтахский наслег,Саныяхтах,98641460101,Лена,Саныяхтах,1340,190,60.58428413,124.0735482
24,Хангаласский муниципальный район,Мальжагарский 5-й наслег,Кытыл-Дюра,98644428101,Лена,с. Кытыл-Дюра,1631,0,60.96628773,125.92633439
25,Хангаласский муниципальный район,Мальжагарский 4-й наслег,Едей,98644427101,Лена,с. Едей,0,0,61.10395249,126.37368393
26,Хангаласский муниципальный район,Синский наслег,Синск,98644445101,Лена,с. Синск,814,0,61.12717011,126.83373642
27,Хангаласский муниципальный район,Тит-Арынский наслег,Чкалов,98644450111,Лена,с. Чкалов,386,0,61.18606402,127.75759013
28,Хангаласский муниципальный район,Мальжагарский 1-й наслег,Тойон-Ары,98644423106,Лена,с. Тойон-Ары,684,0,61.22985979,128.37537619
29,Хангаласский муниципальный район,Качикатский наслег,Кысыл-Юрюйя,98644418106,Лена,с. Кысыл-Юрюя,1000,0,61.36096525,129.02422311
30,Хангаласский муниципальный район,город Покровск,Покровск,98644101001,Лена,Покровск,970,0,61.47698603,129.14082039
31,Хангаласский муниципальный район,Жемконский 1-й наслег,Хоточчу,98644406106,Лена,с. Хоточчу,550,0,61.53929134,129.40079372
32,Хангаласский муниципальный район,Октемский наслег,Октёмцы,98644440101,Лена,с. Октемцы,480,0,61.66802204,129.43993252
33,Мегино-Кангаласский муниципальный район,Рассолодинский наслег,Рассолода,98629447101,Лена,с. Рассолода,415,0,61.6778024,129.64583621
34,Городской округ Город Якутск,город Якутск,Табага,98701000116,Лена,Табага,970,0,61.81498518,129.66129768
35,Мегино-Кангаласский муниципальный район,Хаптагайский наслег,Хаптагай,98629460101,Лена,с. Хаптагай,860,0,61.793408,129.78190608
36,Городской округ Город Якутск,город Якутск,Хатассы,98701000141,Лена,с. Хатассы,1000,0,61.9045253,129.65075679
37,Мегино-Кангаласский муниципальный район,Нерюктяйинский наслег,Павловск,98629445101,Лена,с. Павловск,1000,0,61.87864473,129.83306117
38,Мегино-Кангаласский муниципальный район,поселок Нижний Бестях,Нижний Бестях,98629155051,Лена,п. Нижний Бестях,950,0,61.9579963,129.90069575
39,Городской округ Город Якутск,город Якутск,Пригородный,98701000151,Лена,с. Пригородный,1000,0,61.98053098,129.71625427
40,Городской округ Город Якутск,город Якутск,Якутск,98701000001,Лена,Якутск,827,-115,62.070852,129.81253136
41,Хангаласский муниципальный район,Техтюрский наслег,Техтюр,98644447101,Лена,с. Техтюр,1200,0,62.10641637,130.00067852
42,Городской округ поселок Жатай,Жатай,Жатай,98702000051,Лена,пгт. Жатай,1235,0,62.16241992,129.85682629
43,Городской округ Город Якутск,город Якутск,Тулагино,98701000121,Лена,с. Тулагино,1207,0,62.24264844,129.87674893
44,Городской округ Город Якутск,город Якутск,Якутск,98701000001,Лена,Кангалассы,1000,120,62.36529597,130.02281654
45,Мегино-Кангаласский муниципальный район,Дойдунский наслег,Хапчагай,98629413101,Лена,с. Хапчагай,1000,0,62.37411442,130.13836087
46,Усть-Алданский муниципальный район,Суоттунский наслег,Огородтах,98652470101,Лена,с. Огородтах,1000,0,62.4343896,130.10917843
47,Усть-Алданский муниципальный район,Суоттунский наслег,Хоногор,98652470111,Лена,с. Хоногор,1000,0,62.4647198,130.10849179
48,Усть-Алданский муниципальный район,Борогонский наслег,Ары-Тит,98652415106,Лена,с. Ары-Тит,1000,0,62.50912127,130.03291638
49,Намский муниципальный район,Едейский наслег,Ымыяхтах,98635415101,Лена,с. Ымыяхтаах,800,0,62.45328398,129.9155
50,Намский муниципальный район,Хомустахский 1-й наслег,Кысыл-Сыр,98635465101,Лена,с.Кысыл-Сыр,1000,0,62.54322136,129.79724638
51,Намский муниципальный район,Партизанский наслег,Партизан,98635435101,Лена,с. Партизан,1000,0,62.58403451,129.79587309
52,Намский муниципальный район,Никольский наслег,Никольский,98635432101,Лена,с. Никольский,1000,0,62.63096048,129.73515759
53,Намский муниципальный район,Хамагаттинский наслег,Крест-Кытыл,98635450101,Лена,с. Крест-Кытыл,1000,0,62.66944813,129.73515759
54,Намский муниципальный район,Хомустахский 2-й наслег,Хатас,98635466101,Лена,с. Хатас,1000,0,62.68010186,129.90307073
55,Намский муниципальный район,Ленский наслег,Намцы,98635425101,Лена,с. Намцы,1000,0,62.71773732,129.70257024
56,Намский муниципальный район,Хатын-Арынский наслег,Аппаны,98635455101,Лена,с. Аппаны,1000,0,62.75490568,129.67903723
57,Намский муниципальный район,Хатын-Арынский наслег,Кысыл-Деревня,98635455111,Лена,с. Кысыл-Деревня,1000,0,62.77945238,129.64858546
58,Намский муниципальный район,Бетюнский наслег,Бютяй-Юрдя,98635410101,Лена,с. Бютяй-Юрдя,1000,0,62.82944327,129.61278118
59,Мегино-Кангаласский муниципальный район,Доллунский наслег,Тумул,98629411101,Лена,с. Тумул,1000,0,62.9044255,129.59969891
60,Верхоянский муниципальный район,Столбинский наслег,Столбы,98616445101,Лена,с.Столбы (Хатырык),1000,0,63.00466038,129.54991711
61,Намский муниципальный район,Маймагинский наслег,Маймага,98635470101,Лена,с.Маймага,1000,0,63.04201434,129.53792227
62,Намский муниципальный район,Фрунзенский наслег,Фрунзе,98635447101,Лена,с.Фрунзе,1000,0,63.07536793,129.72442158
63,Верхневилюйский муниципальный район,Кэнтикский наслег,Харыялах,98614429101,Лена,с.Харыялах,1000,0,63.14089761,129.72030171
64,Намский муниципальный район,Тюбинский наслег,Булус,98635445101,Лена,с.Булус,1000,0,63.31178511,129.46783669
65,Намский муниципальный район,Арбынский наслег,Сыгыннах,98635405101,Лена,с. Сыгыннах,1000,0,63.36665757,129.66267245
66,Кобяйский муниципальный район,Ситтинский наслег,Ситте,98624450101,Лена,с. Ситте,1000,0,63.48968379,128.0410733
67,Кобяйский муниципальный район,поселок Сангар,Сангар,98624151051,Лена,Сангары,1315,220,63.92658251,127.46566284
68,Кобяйский муниципальный район,Куокуйский наслег,Аргас,98624424101,Лунгха,с. Аргас,1000,0,63.96325163,126.60808255
69,Жиганский национальный эвенкийский муниципальный район,Жиганский эвенкийский национальный наслег,Жиганск,98622410101,Лена,Жиганск,1430,70,66.7713828,123.38089455
70,Жиганский национальный эвенкийский муниципальный район,Жиганский эвенкийский национальный наслег,Жиганск,98622410101,Лена,Джарджан,2260,0,68.7362892,124.01777578
71,Булунский муниципальный район,Булунский национальный (эвенкийский) наслег,Кюсюр,98612412101,Лена,Кюсюр,3150,0,70.68595424,127.3522805
72,Булунский муниципальный район,Булунский национальный (эвенкийский) наслег,Кюсюр,98612412101,Лена,Хабарова,0,0,72.40139844,126.81311185
73,Ленский муниципальный район,Толонский наслег,Иннялы,98627440111,Пеледуй,Иннялы,870,0,59.51425124,111.2124489
74,Ленский муниципальный район,Орто-Нахаринский наслег,Орто-Нахара,98627433101,Нюя,Комака,753,0,60.13176036,111.58136922
75,Ленский муниципальный район,Орто-Нахаринский наслег,Орто-Нахара,98627433101,Нюя,с. Орто-Нахара,1000,0,60.82437024,114.33302019
76,Ленский муниципальный район,Беченчинский наслег,Беченча,98627405101,Нюя,Курум,0,0,60.96825354,115.47758841
77,Бодайбинский муниципальный район,Жуинское,Большой Патом,25602402106,Б.Патома,Патома,830,0,60.07877245,116.8969502
78,Баунтовский эвенкийский муниципальный район,Витимское,Романовка,81606442101,Витим,Романовка,1200,0,53.21621046,112.77855214
79,Каларский муниципальный округ,0,Неляты,76515000116,Витим,Калакан,0,0,55.1257323,116.76479419
80,Каларский муниципальный округ,0,Неляты,76515000116,Витим,Неляты,1475,0,56.49052223,115.70402139
81,Бодайбинский муниципальный район,Бодайбинское,Бодайбо,25602101001,Витим,Бодайбо,1200,0,57.85104203,114.20629278
82,Тунгиро-Олёкминский муниципальный район,"Межселенная территория Тунгиро-Олёкминского муниципального района, находящаяся вне границ сельских поселений, с расположенными на этой территории с Моклакан, с Средняя Олёкма, с Гуля",Средняя Олёкма,76642701907,Олёкма,Ср.Олёкма,1500,0,55.42586788,120.54365474
83,Олекминский муниципальный район,Киндигирский национальный наслег,Куду-Кюёль,98641425101,Олёкма,Джекемда,1488,0,59.03607406,121.76937988
84,Олекминский муниципальный район,Киндигирский национальный наслег,Куду-Кюёль,98641425101,Олёкма,Куду-Кюель,1650,0,59.43802895,121.3141339
85,Олекминский муниципальный район,Троицкий наслег,Троицк,98641470101,Олёкма,с. Троицк,1000,0,60.34763041,120.67149672
86,Олекминский муниципальный район,Чаринский национальный наслег,Бясь-Кюёль,98641490101,Чара,Чара,798,0,58.7659937,118.14119612
87,Олекминский муниципальный район,Чаринский национальный наслег,Бясь-Кюёль,98641490101,Чара,с. Бясь-Кюель,1000,0,59.46788385,119.3133119
88,Олекминский муниципальный район,Жарханский национальный наслег,Токко,98641420101,Чара,Токко,870,0,59.9844999,119.83372619
89,Олекминский муниципальный район,Тянский национальный наслег,Тяня,98641475101,Тээнэ,Тяня,550,0,59.0565051,119.79131793
90,Хангаласский муниципальный район,Мальжагарский 1-й наслег,Булгунняхтах,98644423101,Бролог,Бролог,0,0,61.06607608,128.66338397
91,Городской округ Город Якутск,город Якутск,Якутск,98701000001,Шестаковка,Камырдагыстах,0,0,61.92809352,129.55023335
92,Горный муниципальный район,Одунунский наслег,Магарас,98620449101,Чакыя,с. Магарас,1000,0,62.14385399,128.06454097
93,Горный муниципальный район,Бердигестяхский наслег,Бердигестях,98620410101,Матта,с. Бердигестях,1000,0,62.09850179,126.70309459
94,Горный муниципальный район,Атамайский наслег,Бясь-Кюель,98620405101,Дюктюэне,с. Бясь-Кюель,1000,0,62.76894753,127.08469783
95,Горный муниципальный район,Шологонский наслег,Ерт,98620465101,Хар-Балаган,с. Ерт,1000,0,62.01750213,125.78985606
96,Амгинский муниципальный район,Алтанский наслег,Алтанцы,98608414101,Суола,с. Алтанцы,667,0,61.47473431,131.50152271
97,Амгинский муниципальный район,Сатагайский наслег,Сатагай,98608458101,Суола,с. Сатагай,1000,0,61.56919132,131.53534
98,Мегино-Кангаласский муниципальный район,Мельжехсинский наслег,Суола,98629429101,Суола,с. Суола,500,0,61.72383413,131.03450847
99,Кобяйский муниципальный район,Нижилинский наслег,Чагда,98624445101,Лунгха,с. Чагда,1000,0,63.37443041,125.52228236
100,Момский муниципальный район,Момский национальный наслег,Суон-Тит,98633423106,Алдан,Суон-Тит,2224,0,58.07102154,123.71855982
101,Алданский муниципальный район,Беллетский эвенкийский национальный наслег,Хатыстыр,98603407101,Алдан,с. Хатыстыр,1000,676,58.92511554,125.14445375
102,Алданский муниципальный район,город Томмот,Томмот,98603105001,Алдан,Томмот,820,0,58.97859165,126.26437653
103,Алданский муниципальный район,город Томмот,Томмот,98603105001,Алдан,Угино,1200,130,58.6724076,128.53215774
104,Алданский муниципальный район,Чагдинский наслег,Чагда,98603460101,Алдан,Учур,480,480,58.72573946,130.69921096
105,Усть-Майский муниципальный район,село Белькачи,Белькачи,98654405101,Алдан,Белькачи,2130,0,59.1822378,131.905888
106,Усть-Майский муниципальный район,село Усть-Миль,Усть-Миль,98654415101,Алдан,Усть-Миль,1470,200,59.63844342,133.11589707
107,Усть-Майский муниципальный район,Петропавловский национальный наслег,Петропавловск,98654420101,Алдан,Чаран (Петропавловск),1300,0,60.36592754,134.45725906
108,Усть-Майский муниципальный район,Эжанский национальный наслег,Эжанцы,98654425101,Алдан,с. Эжанцы,1415,0,60.473916,135.14662292
109,Усть-Майский муниципальный район,поселок Эльдикан,Эльдикан,98654164051,Алдан,Эльдикан,1515,310,60.77482206,135.14742363
110,Усть-Майский муниципальный район,Кюпский эвенкийский национальный наслег,Кюпцы,98654410101,Алдан,с. Кюпцы,1190,0,60.86182694,135.33284265
111,Томпонский муниципальный район,Охот-Перевозовский наслег,Охотский-Перевоз,98650425101,Алдан,Охот.Перевоз,1190,0,61.87832364,135.52370537
112,Томпонский муниципальный район,поселок Джебарики-Хая,Джебарики-Хая,98650152051,Алдан,с. Джебарики-Хая,1170,0,62.21695822,135.84728823
113,Мирнинский муниципальный район,поселок Алмазный,Новый,98631155111,Алдан,с. Новый,950,0,62.58800372,135.53451881
114,Томпонский муниципальный район,поселок Хандыга,Хандыга,98650151051,Алдан,Хандыга,990,0,62.64986311,135.5544672
115,Томпонский муниципальный район,Сасыльский наслег,Кескил,98650430101,Алдан,с. Кэскил,815,0,62.64958356,135.01129494
116,Томпонский муниципальный район,Мегино-Алданский наслег,Мегино-Алдан,98650415101,Алдан,с. Мегино-Алдан,700,0,62.70469047,134.62041465
117,Томпонский муниципальный район,Баягантайский наслег,Крест-Хальджай,98650405101,Алдан,Крест-Хальджай,1088,60,62.80363896,134.48112
118,Таттинский муниципальный район,Хара-Алданский наслег,Хара-Алдан,98604465101,Алдан,с. Хара-Алдан,1000,0,63.26516609,133.22543465
119,Усть-Алданский муниципальный район,Тюляхский наслег,Кылайы,98652475101,Алдан,Верх.Перевоз,1300,270,63.3175436,131.95546616
120,Усть-Алданский муниципальный район,Тюляхский наслег,Кылайы,98652475101,Алдан,с. Кылайы,1000,0,63.22870258,132.12695143
121,Усть-Алданский муниципальный район,Чериктейский наслег,Чериктей,98652485101,Алдан,с. Чериктей,1000,0,63.23598152,130.99574446
122,Усть-Алданский муниципальный район,Оспехский наслег,Дыгдал,98652465101,Алдан,с. Дыгдал,1000,0,63.30635504,130.3848622
123,Кобяйский муниципальный район,Кировский эвенский национальный наслег,Батамай,98624414106,Алдан,Батамай,1140,290,63.5214426,129.42517746
124,Алданский муниципальный район,город Алдан,Большой Нимныр,98603101111,Б.Нимныр,Б.Нимныр,0,0,58.03812675,125.4789273
125,Алданский муниципальный район,поселок Нижний Куранах,Якокит,98603170111,Якокит,Якокит,0,0,58.89989114,125.83221327
126,Алданский муниципальный район,город Томмот,Томмот,98603105001,Радио-Уруйэтэ,1.8 км от устья,0,0,58.94158761,126.33877219
127,Алданский муниципальный район,город Томмот,Ыллымах,98603105106,Тимптон,Нагорный,0,0,55.95178597,124.91501273
128,Алданский муниципальный район,город Томмот,Ыллымах,98603105106,Тимптон,Усть-Баралас,0,0,56.96995675,125.39532126
129,Алданский муниципальный район,город Томмот,Ыллымах,98603105106,Тимптон,Усть-Тимптон,0,0,58.73444194,127.1854061
130,Нерюнгринский муниципальный район,поселок Золотинка,Золотинка,98660154051,Иенгра,Золотинка,0,0,56.18294565,124.85298206
131,Нерюнгринский муниципальный район,поселок Чульман,Чульман,98660165051,Чульман,Чульман,1040,0,56.86095032,124.89703062
132,Нерюнгринский муниципальный район,город Нерюнгри,Нерюнгри,98660101001,В.Нерюнга,Нерюнгри,960,0,56.66630578,124.6691564
133,Нерюнгринский муниципальный район,поселок Чульман,Большой Хатыми,98660165106,Б.Хатами,Б.Хатами,1190,0,57.3776685,124.89221943
134,Алданский муниципальный район,город Томмот,Ыллымах,98603105106,Б.Ыллымах,Ыллымах,1200,0,58.58122181,126.68861808
135,Алданский муниципальный район,Чагдинский наслег,Чагда,98603460101,Учур,Чюльбю,0,0,57.83253096,131.04338427
136,Аяно-Майский муниципальный район,Нельканское,Нелькан,8606416101,Мая,Нелькан,470,0,59.78136517,134.80648459
137,Аяно-Майский муниципальный район,Аимское,Аим,8606402101,Мая,Аим,475,0,58.77272617,134.2520104
138,Усть-Майский муниципальный район,поселок Усть-Мая,Усть-Юдома,98654151106,Мая,Усть-Юдома,1460,0,59.16216686,135.16221598
139,Усть-Майский муниципальный район,поселок Усть-Мая,Усть-Юдома,98654151106,Мая,Чабда,800,0,59.7770559,134.81419843
140,Усть-Майский муниципальный район,поселок Звездочка,Звездочка,98654156051,Аллах-Юнь,Аллах,1130,0,61.13734481,138.05637778
141,Чурапчинский муниципальный район,Болтогинский наслег,Харбала 2-я,98658410101,Таатта,с.Харбала-2,1000,0,62.03736499,132.74058022
142,Таттинский муниципальный район,Октябрьский наслег,Черкёх,98604435101,Таатта,с. Черкех,1000,0,62.18217525,133.23426505
143,Таттинский муниципальный район,Жохсогонский наслег,Боробул,98604420101,Таатта,с. Боробул,1000,0,62.27879072,133.50068351
144,Алданский муниципальный район,город Томмот,Верхняя Амга,98603105111,Амга,Буяга,676,0,59.64856824,127.112965
145,Амгинский муниципальный район,Амгинский наслег,Амга,98608432101,Амга,Амга,925,0,60.89936631,132.01838005
146,Амгинский муниципальный район,Абагинский наслег,Абага,98608405101,Амга,с. Абага,960,0,61.04971823,132.32055981
147,Амгинский муниципальный район,Мяндигинский наслег,Мяндиги,98608455101,Амга,с. Мяндиги,1000,0,61.18220822,132.56368243
148,Чурапчинский муниципальный район,Болугурский наслег,Мындагай,98658415101,Амга,с. Мындагай,1000,0,61.64299639,133.21708485
149,Чурапчинский муниципальный район,Соловьевский наслег,Мырыла,98658435101,Амга,с. Мырыла,1000,0,61.84499621,133.67851426
150,Таттинский муниципальный район,Дайа-Амгинский наслег,Дайа-Амгата,98604418101,Амга,с. Дайа-Амгата,1000,0,61.9071176,133.63044907
151,Таттинский муниципальный район,Средне-Амгинский наслег,Харбалах,98604440101,Амга,Терють (Харбалах),1000,0,62.20016481,134.25495613
152,Таттинский муниципальный район,Усть-Амгинский наслег,Чымнайи,98604460101,Амга,с. Чымнайы,1000,0,62.24043598,134.54416582
153,Томпонский муниципальный район,Томпонский национальный (эвенский) наслег,Тополиное,98650435101,Томпо,Томпо,0,0,63.91377153,135.85570441
154,Мирнинский муниципальный район,поселок Чернышевский,Чернышевский,98631162051,Вилюй,Усть-Амбардах,1202,0,64.05786405,109.38467524
155,Мирнинский муниципальный район,поселок Чернышевский,Чернышевский,98631162051,Вилюй,Вилюйская ГЭС,0,0,63.03184049,112.48089255
156,Мирнинский муниципальный район,Садынский национальный эвенкийский наслег,Сюльдюкар,98631428101,Вилюй,Сюльдюкар,866,205,63.22720291,113.72784079
157,Сунтарский муниципальный район,Крестяхский наслег,Крестях,98648430101,Вилюй,Крестях,1100,220,62.25649011,116.16680564
158,Сунтарский муниципальный район,Сунтарский наслег,Сунтар,98648455101,Вилюй,Сунтар,1330,180,62.15605809,117.6589917
159,Нюрбинский муниципальный район,город Нюрба,Нюрба,98626101001,Вилюй,Нюрба,1250,120,63.28064766,118.36700905
160,Верхневилюйский муниципальный район,Хоринский наслег,Хоро,98614486101,Вилюй,с. Хоро  (Булгунньахтах),935,0,63.52899249,120.18078519
161,Верхневилюйский муниципальный район,Верхневилюйский наслег,Верхневилюйск,98614412101,Вилюй,Верхневилюйск,1100,200,63.45076961,120.32008637
162,Вилюйский муниципальный район,город Вилюйск,Вилюйск,98618101001,Вилюй,Вилюйск,1050,110,63.75864148,121.61415566
163,Кобяйский муниципальный район,Арыктахский наслег,Хатырык-Хомо,98624405111,Вилюй,Хатырык-Хомо,1220,310,63.95039823,124.83237732
164,Кобяйский муниципальный район,Арыктахский наслег,Хатырык-Хомо,98624405111,Вилюй,Промышленный,0,0,64.2019149,126.40465636
165,Мирнинский муниципальный район,поселок Чернышевский,Чернышевский,98631162051,Чуркуо,Лавинда,0,0,63.3240066,109.41330375
166,Мирнинский муниципальный район,поселок Чернышевский,Чернышевский,98631162051,Улахан-Эдьек,Дальний,0,0,63.58239887,110.07008017
167,Мирнинский муниципальный район,поселок Чернышевский,Чернышевский,98631162051,Чона,Чона,0,0,61.92491594,109.60213437
168,Мирнинский муниципальный район,поселок Чернышевский,Чернышевский,98631162051,Ичода,Майский,0,0,,
169,Мирнинский муниципальный район,поселок Чернышевский,Чернышевский,98631162051,Дьэкиндэ,Улар,0,0,,
170,Мирнинский муниципальный район,поселок Чернышевский,Чернышевский,98631162051,Ахтаранда,Сюрях-Хая,0,0,,
171,Мирнинский муниципальный район,поселок Чернышевский,Чернышевский,98631162051,Батыр,Ясный,0,0,63.37621026,111.9859928
172,Мирнинский муниципальный район,поселок Чернышевский,Чернышевский,98631162051,Улахан-Ботуобуйа,Захар,0,0,62.94670685,112.80430259
173,Оленекский эвенкийский национальный муниципальный район,Шологонский национальный наслег,Эйик,98642450101,Марха,Шелагонцы,0,0,66.24811957,114.29020347
174,Нюрбинский муниципальный район,Бордонский наслег,Малыкай,98626410101,Марха,Чумпурук,190,190,64.41616542,116.88891135
175,Нюрбинский муниципальный район,Бордонский наслег,Малыкай,98626410101,Марха,Малыкай,1400,200,63.50086776,117.03129233
176,Оленекский эвенкийский национальный муниципальный район,Оленекский национальный наслег,Оленек,98642437101,Моркока,Хабардино,0,0,64.6066548,112.51998362
177,Оленекский эвенкийский национальный муниципальный район,Оленекский национальный наслег,Оленек,98642437101,М.Куонапка,Джалинда,1450,0,70.13792492,113.99605192
178,Анабарский национальный (долгано-эвенкийский) муниципальный район,Саскылахский национальный (эвенкийский) наслег,Саскылах,98610411101,Анабар,Саскылах,1170,0,71.96461484,114.07678334
179,Оленекский эвенкийский национальный муниципальный район,Оленекский национальный наслег,Оленек,98642437101,Оленёк,Ярольин,2112,0,67.10471457,108.60281103
180,Оленекский эвенкийский национальный муниципальный район,Оленекский национальный наслег,Оленек,98642437101,Оленёк,Оленёк,1350,0,68.50418186,112.44547277
181,Оленекский эвенкийский национальный муниципальный район,Оленекский национальный наслег,Оленек,98642437101,Оленёк,Сухана,0,0,68.71712048,118.02333396
182,Булунский муниципальный район,Тюметинский национальный (эвенкийский) наслег,Склад,98612445106,Оленёк,Тюмяти,2600,0,71.90946373,123.57350721
183,Булунский муниципальный район,Тюметинский национальный (эвенкийский) наслег,Таймылыр,98612445101,Оленёк,Таймылыр,1640,0,72.60880271,121.9186929
184,Булунский муниципальный район,Тюметинский национальный (эвенкийский) наслег,Усть-Оленек,98612445111,Оленёк,Усть-Оленёк,0,0,72.98811162,119.81549771
185,Верхоянский муниципальный район,город Верхоянск,Верхоянск,98616103001,Яна,Верхоянск,1020,330,67.54831001,133.37949307
186,Верхоянский муниципальный район,поселок Батагай,Батагай,98616151051,Яна,Батагай,970,340,67.658714,134.63193448
187,Верхоянский муниципальный район,Эгинский наслег,Сайды,98616464101,Яна,Сайды,1200,650,68.68326233,134.52408587
188,Усть-Янский муниципальный район,поселок Усть-Куйга,Усть-Куйга,98656165051,Яна,Усть-Куйга,1309,0,70.00073483,135.53259242
189,Усть-Янский муниципальный район,Казачинский национальный наслег,Казачье,98656405101,Яна,Юбилейная,1350,450,70.74169395,136.08411288
190,Усть-Янский муниципальный район,Усть-Янский национальный наслег,Усть-Янск,98656425101,Яна,с. Усть-Янск,1023,0,70.9135408,136.4470404
191,Усть-Янский муниципальный район,поселок Нижнеянск,Нижнеянск,98656159051,Яна,Нижнеянск,500,120,71.44037366,136.1409226
192,Верхоянский муниципальный район,Сартанский наслег,Юнкюр,98616442101,Сартанг,Юнкюр,500,0,66.5528159,132.89556713
193,Верхоянский муниципальный район,Арылахский наслег,Бала,98616409101,Сартанг,Бала,760,0,67.1761098,132.84023068
194,Таттинский муниципальный район,Баягинский наслег,Томтор,98604415101,Дулгалах,Томтор,1000,0,67.2007826,132.16076785
195,Верхоянский муниципальный район,поселок Батагай,Усть-Чаркы,98616151111,Адыча,Усть-Чаркы,1130,0,66.79013077,136.68785674
196,Верхоянский муниципальный район,Эльгесский наслег,Юрдюк-Кумах,98616470106,Адыча,Урдюк-Кумах,1230,0,68.13398721,134.98978457
197,Верхоянский муниципальный район,Эгинский наслег,Сайды,98616464101,Бытантай,Асар,0,0,68.68186016,134.32311208
198,Оймяконский муниципальный район,Терютский наслег,Терют,98639432101,Индигирка,Юрты,0,0,64.04652882,141.89483108
199,Оймяконский муниципальный район,поселок Усть-Нера,Усть-Нера,98639151051,Индигирка,Индигирский (Усть-Нера),650,240,64.55323783,143.13695865
200,Момский муниципальный район,Момский национальный наслег,Хонуу,98633423101,Индигирка,Усть-Мома (Хонуу),600,300,66.43974736,143.1891437
201,Абыйский муниципальный район,поселок Белая Гора,Белая Гора,98601151051,Индигирка,Белая Гора,1202,470,68.53904361,146.17572296
202,Аллаиховский муниципальный район,поселок Чокурдах,Чокурдах,98606151051,Индигирка,Чокурдах,1350,300,70.61600368,147.90194977
203,Аллаиховский муниципальный район,Русско-Устьинский наслег,Русское Устье,98606450101,Индигирка,Индигирская,0,0,71.25821528,150.28439118
204,Оймяконский муниципальный район,Борогонский 2-й наслег,Агаякан,98639410106,Агаякан,Агаякан,0,0,63.33511232,141.73723178
205,Оймяконский муниципальный район,Терютский наслег,Терют,98639432101,Эльги,5км выше у.Артык-Юрях,0,0,64.47394718,141.81875877
206,Оймяконский муниципальный район,Терютский наслег,Терют,98639432101,Б.Артык-Юрях,3.5 км от устья,0,0,64.43743519,141.86374232
207,Усть-Янский муниципальный район,Силянняхский национальный наслег,Сайылык,98656415101,Селеннях,с. Сайылык,1000,0,68.96355162,138.41276109
208,0,Среднеканский,Сеймчан,44510000051,Колыма,Среднекан,200,200,62.44418342,152.31740909
209,0,Среднеканский,Сеймчан,44510000051,Колыма,Сеймчан,720,0,62.91855012,152.45614889
210,0,Среднеканский,Балыгычан,44510000102,Колыма,Балыгычан,870,310,63.91260839,154.08785624
211,0,Среднеканский,Балыгычан,44510000102,Колыма,Коркодон,0,0,64.74174046,153.98295908
212,Верхнеколымский муниципальный район,поселок Зырянка,Зырянка,98615151051,Колыма,Зырянка,770,230,65.73989686,150.90138901
213,Среднеколымский муниципальный район,город Среднеколымск,Среднеколымск,98646101001,Колыма,Среднеколымск,1200,270,67.45682409,153.71599186
214,Среднеколымский муниципальный район,Байдинский наслег,Налимск,98646410101,Колыма,с. Налимск,1250,0,67.58882514,153.64228722
215,Нижнеколымский муниципальный район,Чукотский национальный Халарчинский наслег,Колымское,98637437101,Колыма,Колымский,1010,0,68.75361553,161.32473411
216,Нижнеколымский муниципальный район,поселок Черский,Черский,98637151051,Колыма,Черский,600,0,68.73170807,158.70724143
217,Нижнеколымский муниципальный район,Походский наслег,Походск,98637424101,Колыма,с.Походск,1000,0,69.07680885,160.98073498
218,Верхнеколымский муниципальный район,Нелемнский юкагирский наслег,Нелемное,98615414101,Ясачная,Нелемное,0,0,65.49757519,151.07217901
219,Верхнеколымский муниципальный район,Верхнеколымский наслег,Верхнеколымск,98615409101,Ясачная,с. Верхнеколымск,0,0,65.71745364,150.83738873
220,Мирнинский муниципальный район,город Мирный,Березовка,98631101106,Берёзовка,Берёзовка,1000,0,67.13342994,156.58614589
221,Среднеколымский муниципальный район,Мятисский 2-й наслег,Сватай,98646436101,Алазея,Сватай,750,0,68.07005704,151.78695185
222,Среднеколымский муниципальный район,Алазейский наслег,Аргахтах,98646405101,Алазея,Аргахтах,777,0,68.44450297,153.37639222
223,Нижнеколымский муниципальный район,"Национальный юкагирский ""Олеринский Суктул""",Андрюшкино,98637411101,Алазея,Андрюшкино,1000,0,69.1725615,154.43590386
